index,State,Year,Data Item,Domain,Domain Category,Value
1891,ALABAMA,2012,AGLAND-OPERATIONSWITHTREATED,"CHEMICAL,FUNGICIDE","CHEMICAL,FUNGICIDE:(TOTAL)",1710.0
1892,ALABAMA,2012,AGLAND-OPERATIONSWITHTREATED,"CHEMICAL,HERBICIDE","CHEMICAL,HERBICIDE:(TOTAL)",13626.0
1895,ALABAMA,2012,AGLAND-OPERATIONSWITHTREATED,"CHEMICAL,OTHER","CHEMICAL,OTHER:(TOTAL)",1082.0
2533,ALASKA,2012,AGLAND-OPERATIONSWITHTREATED,"CHEMICAL,FUNGICIDE","CHEMICAL,FUNGICIDE:(TOTAL)",9.0
2534,ALASKA,2012,AGLAND-OPERATIONSWITHTREATED,"CHEMICAL,HERBICIDE","CHEMICAL,HERBICIDE:(TOTAL)",127.0
2537,ALASKA,2012,AGLAND-OPERATIONSWITHTREATED,"CHEMICAL,OTHER","CHEMICAL,OTHER:(TOTAL)",5.0
3019,ARIZONA,2012,AGLAND-OPERATIONSWITHTREATED,"CHEMICAL,FUNGICIDE","CHEMICAL,FUNGICIDE:(TOTAL)",346.0
3020,ARIZONA,2012,AGLAND-OPERATIONSWITHTREATED,"CHEMICAL,HERBICIDE","CHEMICAL,HERBICIDE:(TOTAL)",2012.0
3023,ARIZONA,2012,AGLAND-OPERATIONSWITHTREATED,"CHEMICAL,OTHER","CHEMICAL,OTHER:(TOTAL)",456.0
3684,ARKANSAS,2012,AGLAND-OPERATIONSWITHTREATED,"CHEMICAL,FUNGICIDE","CHEMICAL,FUNGICIDE:(TOTAL)",2377.0
3685,ARKANSAS,2012,AGLAND-OPERATIONSWITHTREATED,"CHEMICAL,HERBICIDE","CHEMICAL,HERBICIDE:(TOTAL)",14384.0
3688,ARKANSAS,2012,AGLAND-OPERATIONSWITHTREATED,"CHEMICAL,OTHER","CHEMICAL,OTHER:(TOTAL)",963.0
4357,CALIFORNIA,2012,AGLAND-OPERATIONSWITHTREATED,"CHEMICAL,FUNGICIDE","CHEMICAL,FUNGICIDE:(TOTAL)",14196.0
4358,CALIFORNIA,2012,AGLAND-OPERATIONSWITHTREATED,"CHEMICAL,HERBICIDE","CHEMICAL,HERBICIDE:(TOTAL)",32402.0
4361,CALIFORNIA,2012,AGLAND-OPERATIONSWITHTREATED,"CHEMICAL,OTHER","CHEMICAL,OTHER:(TOTAL)",9810.0
5038,COLORADO,2012,AGLAND-OPERATIONSWITHTREATED,"CHEMICAL,FUNGICIDE","CHEMICAL,FUNGICIDE:(TOTAL)",940.0
5039,COLORADO,2012,AGLAND-OPERATIONSWITHTREATED,"CHEMICAL,HERBICIDE","CHEMICAL,HERBICIDE:(TOTAL)",10446.0
5042,COLORADO,2012,AGLAND-OPERATIONSWITHTREATED,"CHEMICAL,OTHER","CHEMICAL,OTHER:(TOTAL)",380.0
5710,CONNECTICUT,2012,AGLAND-OPERATIONSWITHTREATED,"CHEMICAL,FUNGICIDE","CHEMICAL,FUNGICIDE:(TOTAL)",609.0
5711,CONNECTICUT,2012,AGLAND-OPERATIONSWITHTREATED,"CHEMICAL,HERBICIDE","CHEMICAL,HERBICIDE:(TOTAL)",1398.0
5714,CONNECTICUT,2012,AGLAND-OPERATIONSWITHTREATED,"CHEMICAL,OTHER","CHEMICAL,OTHER:(TOTAL)",173.0
6376,DELAWARE,2012,AGLAND-OPERATIONSWITHTREATED,"CHEMICAL,FUNGICIDE","CHEMICAL,FUNGICIDE:(TOTAL)",238.0
6377,DELAWARE,2012,AGLAND-OPERATIONSWITHTREATED,"CHEMICAL,HERBICIDE","CHEMICAL,HERBICIDE:(TOTAL)",1014.0
6380,DELAWARE,2012,AGLAND-OPERATIONSWITHTREATED,"CHEMICAL,OTHER","CHEMICAL,OTHER:(TOTAL)",33.0
6999,FLORIDA,2012,AGLAND-OPERATIONSWITHTREATED,"CHEMICAL,FUNGICIDE","CHEMICAL,FUNGICIDE:(TOTAL)",4913.0
7000,FLORIDA,2012,AGLAND-OPERATIONSWITHTREATED,"CHEMICAL,HERBICIDE","CHEMICAL,HERBICIDE:(TOTAL)",13898.0
7003,FLORIDA,2012,AGLAND-OPERATIONSWITHTREATED,"CHEMICAL,OTHER","CHEMICAL,OTHER:(TOTAL)",2227.0
7688,GEORGIA,2012,AGLAND-OPERATIONSWITHTREATED,"CHEMICAL,FUNGICIDE","CHEMICAL,FUNGICIDE:(TOTAL)",3674.0
7689,GEORGIA,2012,AGLAND-OPERATIONSWITHTREATED,"CHEMICAL,HERBICIDE","CHEMICAL,HERBICIDE:(TOTAL)",15329.0
7692,GEORGIA,2012,AGLAND-OPERATIONSWITHTREATED,"CHEMICAL,OTHER","CHEMICAL,OTHER:(TOTAL)",2562.0
8374,HAWAII,2012,AGLAND-OPERATIONSWITHTREATED,"CHEMICAL,FUNGICIDE","CHEMICAL,FUNGICIDE:(TOTAL)",963.0
8375,HAWAII,2012,AGLAND-OPERATIONSWITHTREATED,"CHEMICAL,HERBICIDE","CHEMICAL,HERBICIDE:(TOTAL)",3299.0
8378,HAWAII,2012,AGLAND-OPERATIONSWITHTREATED,"CHEMICAL,OTHER","CHEMICAL,OTHER:(TOTAL)",338.0
9000,IDAHO,2012,AGLAND-OPERATIONSWITHTREATED,"CHEMICAL,FUNGICIDE","CHEMICAL,FUNGICIDE:(TOTAL)",1791.0
9001,IDAHO,2012,AGLAND-OPERATIONSWITHTREATED,"CHEMICAL,HERBICIDE","CHEMICAL,HERBICIDE:(TOTAL)",10869.0
9004,IDAHO,2012,AGLAND-OPERATIONSWITHTREATED,"CHEMICAL,OTHER","CHEMICAL,OTHER:(TOTAL)",752.0
9669,ILLINOIS,2012,AGLAND-OPERATIONSWITHTREATED,"CHEMICAL,FUNGICIDE","CHEMICAL,FUNGICIDE:(TOTAL)",5241.0
9670,ILLINOIS,2012,AGLAND-OPERATIONSWITHTREATED,"CHEMICAL,HERBICIDE","CHEMICAL,HERBICIDE:(TOTAL)",42737.0
9673,ILLINOIS,2012,AGLAND-OPERATIONSWITHTREATED,"CHEMICAL,OTHER","CHEMICAL,OTHER:(TOTAL)",542.0
10352,INDIANA,2012,AGLAND-OPERATIONSWITHTREATED,"CHEMICAL,FUNGICIDE","CHEMICAL,FUNGICIDE:(TOTAL)",2650.0
10353,INDIANA,2012,AGLAND-OPERATIONSWITHTREATED,"CHEMICAL,HERBICIDE","CHEMICAL,HERBICIDE:(TOTAL)",27317.0
10356,INDIANA,2012,AGLAND-OPERATIONSWITHTREATED,"CHEMICAL,OTHER","CHEMICAL,OTHER:(TOTAL)",495.0
11039,IOWA,2012,AGLAND-OPERATIONSWITHTREATED,"CHEMICAL,FUNGICIDE","CHEMICAL,FUNGICIDE:(TOTAL)",5302.0
11040,IOWA,2012,AGLAND-OPERATIONSWITHTREATED,"CHEMICAL,HERBICIDE","CHEMICAL,HERBICIDE:(TOTAL)",53988.0
11043,IOWA,2012,AGLAND-OPERATIONSWITHTREATED,"CHEMICAL,OTHER","CHEMICAL,OTHER:(TOTAL)",352.0
11716,KANSAS,2012,AGLAND-OPERATIONSWITHTREATED,"CHEMICAL,FUNGICIDE","CHEMICAL,FUNGICIDE:(TOTAL)",4292.0
11717,KANSAS,2012,AGLAND-OPERATIONSWITHTREATED,"CHEMICAL,HERBICIDE","CHEMICAL,HERBICIDE:(TOTAL)",32857.0
11720,KANSAS,2012,AGLAND-OPERATIONSWITHTREATED,"CHEMICAL,OTHER","CHEMICAL,OTHER:(TOTAL)",386.0
12403,KENTUCKY,2012,AGLAND-OPERATIONSWITHTREATED,"CHEMICAL,FUNGICIDE","CHEMICAL,FUNGICIDE:(TOTAL)",2573.0
12404,KENTUCKY,2012,AGLAND-OPERATIONSWITHTREATED,"CHEMICAL,HERBICIDE","CHEMICAL,HERBICIDE:(TOTAL)",19983.0
12407,KENTUCKY,2012,AGLAND-OPERATIONSWITHTREATED,"CHEMICAL,OTHER","CHEMICAL,OTHER:(TOTAL)",1712.0
13094,LOUISIANA,2012,AGLAND-OPERATIONSWITHTREATED,"CHEMICAL,FUNGICIDE","CHEMICAL,FUNGICIDE:(TOTAL)",1966.0
13095,LOUISIANA,2012,AGLAND-OPERATIONSWITHTREATED,"CHEMICAL,HERBICIDE","CHEMICAL,HERBICIDE:(TOTAL)",8459.0
13098,LOUISIANA,2012,AGLAND-OPERATIONSWITHTREATED,"CHEMICAL,OTHER","CHEMICAL,OTHER:(TOTAL)",1313.0
13765,MAINE,2012,AGLAND-OPERATIONSWITHTREATED,"CHEMICAL,FUNGICIDE","CHEMICAL,FUNGICIDE:(TOTAL)",924.0
13766,MAINE,2012,AGLAND-OPERATIONSWITHTREATED,"CHEMICAL,HERBICIDE","CHEMICAL,HERBICIDE:(TOTAL)",1849.0
13769,MAINE,2012,AGLAND-OPERATIONSWITHTREATED,"CHEMICAL,OTHER","CHEMICAL,OTHER:(TOTAL)",341.0
14434,MARYLAND,2012,AGLAND-OPERATIONSWITHTREATED,"CHEMICAL,FUNGICIDE","CHEMICAL,FUNGICIDE:(TOTAL)",873.0
14435,MARYLAND,2012,AGLAND-OPERATIONSWITHTREATED,"CHEMICAL,HERBICIDE","CHEMICAL,HERBICIDE:(TOTAL)",4799.0
14438,MARYLAND,2012,AGLAND-OPERATIONSWITHTREATED,"CHEMICAL,OTHER","CHEMICAL,OTHER:(TOTAL)",254.0
15109,MASSACHUSETTS,2012,AGLAND-OPERATIONSWITHTREATED,"CHEMICAL,FUNGICIDE","CHEMICAL,FUNGICIDE:(TOTAL)",921.0
15110,MASSACHUSETTS,2012,AGLAND-OPERATIONSWITHTREATED,"CHEMICAL,HERBICIDE","CHEMICAL,HERBICIDE:(TOTAL)",1873.0
15113,MASSACHUSETTS,2012,AGLAND-OPERATIONSWITHTREATED,"CHEMICAL,OTHER","CHEMICAL,OTHER:(TOTAL)",240.0
15780,MICHIGAN,2012,AGLAND-OPERATIONSWITHTREATED,"CHEMICAL,FUNGICIDE","CHEMICAL,FUNGICIDE:(TOTAL)",5141.0
15781,MICHIGAN,2012,AGLAND-OPERATIONSWITHTREATED,"CHEMICAL,HERBICIDE","CHEMICAL,HERBICIDE:(TOTAL)",21713.0
15784,MICHIGAN,2012,AGLAND-OPERATIONSWITHTREATED,"CHEMICAL,OTHER","CHEMICAL,OTHER:(TOTAL)",1893.0
16455,MINNESOTA,2012,AGLAND-OPERATIONSWITHTREATED,"CHEMICAL,FUNGICIDE","CHEMICAL,FUNGICIDE:(TOTAL)",4652.0
16456,MINNESOTA,2012,AGLAND-OPERATIONSWITHTREATED,"CHEMICAL,HERBICIDE","CHEMICAL,HERBICIDE:(TOTAL)",41571.0
16459,MINNESOTA,2012,AGLAND-OPERATIONSWITHTREATED,"CHEMICAL,OTHER","CHEMICAL,OTHER:(TOTAL)",675.0
17130,MISSISSIPPI,2012,AGLAND-OPERATIONSWITHTREATED,"CHEMICAL,FUNGICIDE","CHEMICAL,FUNGICIDE:(TOTAL)",1578.0
17131,MISSISSIPPI,2012,AGLAND-OPERATIONSWITHTREATED,"CHEMICAL,HERBICIDE","CHEMICAL,HERBICIDE:(TOTAL)",11118.0
17134,MISSISSIPPI,2012,AGLAND-OPERATIONSWITHTREATED,"CHEMICAL,OTHER","CHEMICAL,OTHER:(TOTAL)",1038.0
17813,MISSOURI,2012,AGLAND-OPERATIONSWITHTREATED,"CHEMICAL,FUNGICIDE","CHEMICAL,FUNGICIDE:(TOTAL)",2580.0
17814,MISSOURI,2012,AGLAND-OPERATIONSWITHTREATED,"CHEMICAL,HERBICIDE","CHEMICAL,HERBICIDE:(TOTAL)",31847.0
17817,MISSOURI,2012,AGLAND-OPERATIONSWITHTREATED,"CHEMICAL,OTHER","CHEMICAL,OTHER:(TOTAL)",916.0
18511,MONTANA,2012,AGLAND-OPERATIONSWITHTREATED,"CHEMICAL,FUNGICIDE","CHEMICAL,FUNGICIDE:(TOTAL)",1105.0
18512,MONTANA,2012,AGLAND-OPERATIONSWITHTREATED,"CHEMICAL,HERBICIDE","CHEMICAL,HERBICIDE:(TOTAL)",10440.0
18515,MONTANA,2012,AGLAND-OPERATIONSWITHTREATED,"CHEMICAL,OTHER","CHEMICAL,OTHER:(TOTAL)",258.0
19169,NEBRASKA,2012,AGLAND-OPERATIONSWITHTREATED,"CHEMICAL,FUNGICIDE","CHEMICAL,FUNGICIDE:(TOTAL)",3771.0
19170,NEBRASKA,2012,AGLAND-OPERATIONSWITHTREATED,"CHEMICAL,HERBICIDE","CHEMICAL,HERBICIDE:(TOTAL)",29502.0
19173,NEBRASKA,2012,AGLAND-OPERATIONSWITHTREATED,"CHEMICAL,OTHER","CHEMICAL,OTHER:(TOTAL)",192.0
19827,NEVADA,2012,AGLAND-OPERATIONSWITHTREATED,"CHEMICAL,FUNGICIDE","CHEMICAL,FUNGICIDE:(TOTAL)",70.0
19828,NEVADA,2012,AGLAND-OPERATIONSWITHTREATED,"CHEMICAL,HERBICIDE","CHEMICAL,HERBICIDE:(TOTAL)",952.0
19831,NEVADA,2012,AGLAND-OPERATIONSWITHTREATED,"CHEMICAL,OTHER","CHEMICAL,OTHER:(TOTAL)",38.0
20416,NEWHAMPSHIRE,2012,AGLAND-OPERATIONSWITHTREATED,"CHEMICAL,FUNGICIDE","CHEMICAL,FUNGICIDE:(TOTAL)",324.0
20417,NEWHAMPSHIRE,2012,AGLAND-OPERATIONSWITHTREATED,"CHEMICAL,HERBICIDE","CHEMICAL,HERBICIDE:(TOTAL)",733.0
20420,NEWHAMPSHIRE,2012,AGLAND-OPERATIONSWITHTREATED,"CHEMICAL,OTHER","CHEMICAL,OTHER:(TOTAL)",88.0
21042,NEWJERSEY,2012,AGLAND-OPERATIONSWITHTREATED,"CHEMICAL,FUNGICIDE","CHEMICAL,FUNGICIDE:(TOTAL)",1018.0
21043,NEWJERSEY,2012,AGLAND-OPERATIONSWITHTREATED,"CHEMICAL,HERBICIDE","CHEMICAL,HERBICIDE:(TOTAL)",3091.0
21046,NEWJERSEY,2012,AGLAND-OPERATIONSWITHTREATED,"CHEMICAL,OTHER","CHEMICAL,OTHER:(TOTAL)",305.0
21697,NEWMEXICO,2012,AGLAND-OPERATIONSWITHTREATED,"CHEMICAL,FUNGICIDE","CHEMICAL,FUNGICIDE:(TOTAL)",703.0
21698,NEWMEXICO,2012,AGLAND-OPERATIONSWITHTREATED,"CHEMICAL,HERBICIDE","CHEMICAL,HERBICIDE:(TOTAL)",3454.0
21701,NEWMEXICO,2012,AGLAND-OPERATIONSWITHTREATED,"CHEMICAL,OTHER","CHEMICAL,OTHER:(TOTAL)",602.0
22378,NEWYORK,2012,AGLAND-OPERATIONSWITHTREATED,"CHEMICAL,FUNGICIDE","CHEMICAL,FUNGICIDE:(TOTAL)",3141.0
22379,NEWYORK,2012,AGLAND-OPERATIONSWITHTREATED,"CHEMICAL,HERBICIDE","CHEMICAL,HERBICIDE:(TOTAL)",11942.0
22382,NEWYORK,2012,AGLAND-OPERATIONSWITHTREATED,"CHEMICAL,OTHER","CHEMICAL,OTHER:(TOTAL)",1066.0
23051,NORTHCAROLINA,2012,AGLAND-OPERATIONSWITHTREATED,"CHEMICAL,FUNGICIDE","CHEMICAL,FUNGICIDE:(TOTAL)",3582.0
23052,NORTHCAROLINA,2012,AGLAND-OPERATIONSWITHTREATED,"CHEMICAL,HERBICIDE","CHEMICAL,HERBICIDE:(TOTAL)",19535.0
23055,NORTHCAROLINA,2012,AGLAND-OPERATIONSWITHTREATED,"CHEMICAL,OTHER","CHEMICAL,OTHER:(TOTAL)",2132.0
23749,NORTHDAKOTA,2012,AGLAND-OPERATIONSWITHTREATED,"CHEMICAL,FUNGICIDE","CHEMICAL,FUNGICIDE:(TOTAL)",4246.0
23750,NORTHDAKOTA,2012,AGLAND-OPERATIONSWITHTREATED,"CHEMICAL,HERBICIDE","CHEMICAL,HERBICIDE:(TOTAL)",15682.0
23753,NORTHDAKOTA,2012,AGLAND-OPERATIONSWITHTREATED,"CHEMICAL,OTHER","CHEMICAL,OTHER:(TOTAL)",1018.0
24385,OHIO,2012,AGLAND-OPERATIONSWITHTREATED,"CHEMICAL,FUNGICIDE","CHEMICAL,FUNGICIDE:(TOTAL)",3672.0
24386,OHIO,2012,AGLAND-OPERATIONSWITHTREATED,"CHEMICAL,HERBICIDE","CHEMICAL,HERBICIDE:(TOTAL)",32352.0
24389,OHIO,2012,AGLAND-OPERATIONSWITHTREATED,"CHEMICAL,OTHER","CHEMICAL,OTHER:(TOTAL)",834.0
25076,OKLAHOMA,2012,AGLAND-OPERATIONSWITHTREATED,"CHEMICAL,FUNGICIDE","CHEMICAL,FUNGICIDE:(TOTAL)",1351.0
25077,OKLAHOMA,2012,AGLAND-OPERATIONSWITHTREATED,"CHEMICAL,HERBICIDE","CHEMICAL,HERBICIDE:(TOTAL)",26967.0
25080,OKLAHOMA,2012,AGLAND-OPERATIONSWITHTREATED,"CHEMICAL,OTHER","CHEMICAL,OTHER:(TOTAL)",924.0
25761,OREGON,2012,AGLAND-OPERATIONSWITHTREATED,"CHEMICAL,FUNGICIDE","CHEMICAL,FUNGICIDE:(TOTAL)",3776.0
25762,OREGON,2012,AGLAND-OPERATIONSWITHTREATED,"CHEMICAL,HERBICIDE","CHEMICAL,HERBICIDE:(TOTAL)",13207.0
25765,OREGON,2012,AGLAND-OPERATIONSWITHTREATED,"CHEMICAL,OTHER","CHEMICAL,OTHER:(TOTAL)",1446.0
26434,PENNSYLVANIA,2012,AGLAND-OPERATIONSWITHTREATED,"CHEMICAL,FUNGICIDE","CHEMICAL,FUNGICIDE:(TOTAL)",4234.0
26435,PENNSYLVANIA,2012,AGLAND-OPERATIONSWITHTREATED,"CHEMICAL,HERBICIDE","CHEMICAL,HERBICIDE:(TOTAL)",23669.0
26438,PENNSYLVANIA,2012,AGLAND-OPERATIONSWITHTREATED,"CHEMICAL,OTHER","CHEMICAL,OTHER:(TOTAL)",1538.0
27110,RHODEISLAND,2012,AGLAND-OPERATIONSWITHTREATED,"CHEMICAL,FUNGICIDE","CHEMICAL,FUNGICIDE:(TOTAL)",149.0
27111,RHODEISLAND,2012,AGLAND-OPERATIONSWITHTREATED,"CHEMICAL,HERBICIDE","CHEMICAL,HERBICIDE:(TOTAL)",313.0
27114,RHODEISLAND,2012,AGLAND-OPERATIONSWITHTREATED,"CHEMICAL,OTHER","CHEMICAL,OTHER:(TOTAL)",39.0
27720,SOUTHCAROLINA,2012,AGLAND-OPERATIONSWITHTREATED,"CHEMICAL,FUNGICIDE","CHEMICAL,FUNGICIDE:(TOTAL)",1484.0
27721,SOUTHCAROLINA,2012,AGLAND-OPERATIONSWITHTREATED,"CHEMICAL,HERBICIDE","CHEMICAL,HERBICIDE:(TOTAL)",8135.0
27724,SOUTHCAROLINA,2012,AGLAND-OPERATIONSWITHTREATED,"CHEMICAL,OTHER","CHEMICAL,OTHER:(TOTAL)",902.0
28407,SOUTHDAKOTA,2012,AGLAND-OPERATIONSWITHTREATED,"CHEMICAL,FUNGICIDE","CHEMICAL,FUNGICIDE:(TOTAL)",1546.0
28408,SOUTHDAKOTA,2012,AGLAND-OPERATIONSWITHTREATED,"CHEMICAL,HERBICIDE","CHEMICAL,HERBICIDE:(TOTAL)",17410.0
28411,SOUTHDAKOTA,2012,AGLAND-OPERATIONSWITHTREATED,"CHEMICAL,OTHER","CHEMICAL,OTHER:(TOTAL)",83.0
29066,TENNESSEE,2012,AGLAND-OPERATIONSWITHTREATED,"CHEMICAL,FUNGICIDE","CHEMICAL,FUNGICIDE:(TOTAL)",1770.0
29067,TENNESSEE,2012,AGLAND-OPERATIONSWITHTREATED,"CHEMICAL,HERBICIDE","CHEMICAL,HERBICIDE:(TOTAL)",18310.0
29070,TENNESSEE,2012,AGLAND-OPERATIONSWITHTREATED,"CHEMICAL,OTHER","CHEMICAL,OTHER:(TOTAL)",1548.0
29769,TEXAS,2012,AGLAND-OPERATIONSWITHTREATED,"CHEMICAL,FUNGICIDE","CHEMICAL,FUNGICIDE:(TOTAL)",4314.0
29770,TEXAS,2012,AGLAND-OPERATIONSWITHTREATED,"CHEMICAL,HERBICIDE","CHEMICAL,HERBICIDE:(TOTAL)",67918.0
29773,TEXAS,2012,AGLAND-OPERATIONSWITHTREATED,"CHEMICAL,OTHER","CHEMICAL,OTHER:(TOTAL)",6495.0
30460,UTAH,2012,AGLAND-OPERATIONSWITHTREATED,"CHEMICAL,FUNGICIDE","CHEMICAL,FUNGICIDE:(TOTAL)",406.0
30461,UTAH,2012,AGLAND-OPERATIONSWITHTREATED,"CHEMICAL,HERBICIDE","CHEMICAL,HERBICIDE:(TOTAL)",5163.0
30464,UTAH,2012,AGLAND-OPERATIONSWITHTREATED,"CHEMICAL,OTHER","CHEMICAL,OTHER:(TOTAL)",208.0
31127,VERMONT,2012,AGLAND-OPERATIONSWITHTREATED,"CHEMICAL,FUNGICIDE","CHEMICAL,FUNGICIDE:(TOTAL)",411.0
31128,VERMONT,2012,AGLAND-OPERATIONSWITHTREATED,"CHEMICAL,HERBICIDE","CHEMICAL,HERBICIDE:(TOTAL)",1281.0
31131,VERMONT,2012,AGLAND-OPERATIONSWITHTREATED,"CHEMICAL,OTHER","CHEMICAL,OTHER:(TOTAL)",96.0
31778,VIRGINIA,2012,AGLAND-OPERATIONSWITHTREATED,"CHEMICAL,FUNGICIDE","CHEMICAL,FUNGICIDE:(TOTAL)",1855.0
31779,VIRGINIA,2012,AGLAND-OPERATIONSWITHTREATED,"CHEMICAL,HERBICIDE","CHEMICAL,HERBICIDE:(TOTAL)",12129.0
31782,VIRGINIA,2012,AGLAND-OPERATIONSWITHTREATED,"CHEMICAL,OTHER","CHEMICAL,OTHER:(TOTAL)",886.0
32481,WASHINGTON,2012,AGLAND-OPERATIONSWITHTREATED,"CHEMICAL,FUNGICIDE","CHEMICAL,FUNGICIDE:(TOTAL)",4312.0
32482,WASHINGTON,2012,AGLAND-OPERATIONSWITHTREATED,"CHEMICAL,HERBICIDE","CHEMICAL,HERBICIDE:(TOTAL)",13002.0
32485,WASHINGTON,2012,AGLAND-OPERATIONSWITHTREATED,"CHEMICAL,OTHER","CHEMICAL,OTHER:(TOTAL)",2560.0
33146,WESTVIRGINIA,2012,AGLAND-OPERATIONSWITHTREATED,"CHEMICAL,FUNGICIDE","CHEMICAL,FUNGICIDE:(TOTAL)",483.0
33147,WESTVIRGINIA,2012,AGLAND-OPERATIONSWITHTREATED,"CHEMICAL,HERBICIDE","CHEMICAL,HERBICIDE:(TOTAL)",3072.0
33150,WESTVIRGINIA,2012,AGLAND-OPERATIONSWITHTREATED,"CHEMICAL,OTHER","CHEMICAL,OTHER:(TOTAL)",185.0
33825,WISCONSIN,2012,AGLAND-OPERATIONSWITHTREATED,"CHEMICAL,FUNGICIDE","CHEMICAL,FUNGICIDE:(TOTAL)",3413.0
33826,WISCONSIN,2012,AGLAND-OPERATIONSWITHTREATED,"CHEMICAL,HERBICIDE","CHEMICAL,HERBICIDE:(TOTAL)",34321.0
33829,WISCONSIN,2012,AGLAND-OPERATIONSWITHTREATED,"CHEMICAL,OTHER","CHEMICAL,OTHER:(TOTAL)",786.0
34506,WYOMING,2012,AGLAND-OPERATIONSWITHTREATED,"CHEMICAL,FUNGICIDE","CHEMICAL,FUNGICIDE:(TOTAL)",87.0
34507,WYOMING,2012,AGLAND-OPERATIONSWITHTREATED,"CHEMICAL,HERBICIDE","CHEMICAL,HERBICIDE:(TOTAL)",2825.0
34510,WYOMING,2012,AGLAND-OPERATIONSWITHTREATED,"CHEMICAL,OTHER","CHEMICAL,OTHER:(TOTAL)",33.0
35051,ALABAMA,2007,AGLAND-OPERATIONSWITHTREATED,"CHEMICAL,FUNGICIDE","CHEMICAL,FUNGICIDE:(TOTAL)",1124.0
35052,ALABAMA,2007,AGLAND-OPERATIONSWITHTREATED,"CHEMICAL,HERBICIDE","CHEMICAL,HERBICIDE:(TOTAL)",12579.0
35055,ALABAMA,2007,AGLAND-OPERATIONSWITHTREATED,"CHEMICAL,OTHER","CHEMICAL,OTHER:(TOTAL)",928.0
35070,ALASKA,2007,AGLAND-OPERATIONSWITHTREATED,"CHEMICAL,FUNGICIDE","CHEMICAL,FUNGICIDE:(TOTAL)",7.0
35071,ALASKA,2007,AGLAND-OPERATIONSWITHTREATED,"CHEMICAL,HERBICIDE","CHEMICAL,HERBICIDE:(TOTAL)",83.0
35074,ALASKA,2007,AGLAND-OPERATIONSWITHTREATED,"CHEMICAL,OTHER","CHEMICAL,OTHER:(TOTAL)",9.0
35089,ARIZONA,2007,AGLAND-OPERATIONSWITHTREATED,"CHEMICAL,FUNGICIDE","CHEMICAL,FUNGICIDE:(TOTAL)",139.0
35090,ARIZONA,2007,AGLAND-OPERATIONSWITHTREATED,"CHEMICAL,HERBICIDE","CHEMICAL,HERBICIDE:(TOTAL)",1173.0
35093,ARIZONA,2007,AGLAND-OPERATIONSWITHTREATED,"CHEMICAL,OTHER","CHEMICAL,OTHER:(TOTAL)",286.0
35108,ARKANSAS,2007,AGLAND-OPERATIONSWITHTREATED,"CHEMICAL,FUNGICIDE","CHEMICAL,FUNGICIDE:(TOTAL)",1933.0
35109,ARKANSAS,2007,AGLAND-OPERATIONSWITHTREATED,"CHEMICAL,HERBICIDE","CHEMICAL,HERBICIDE:(TOTAL)",14268.0
35112,ARKANSAS,2007,AGLAND-OPERATIONSWITHTREATED,"CHEMICAL,OTHER","CHEMICAL,OTHER:(TOTAL)",989.0
35127,CALIFORNIA,2007,AGLAND-OPERATIONSWITHTREATED,"CHEMICAL,FUNGICIDE","CHEMICAL,FUNGICIDE:(TOTAL)",14877.0
35128,CALIFORNIA,2007,AGLAND-OPERATIONSWITHTREATED,"CHEMICAL,HERBICIDE","CHEMICAL,HERBICIDE:(TOTAL)",30656.0
35131,CALIFORNIA,2007,AGLAND-OPERATIONSWITHTREATED,"CHEMICAL,OTHER","CHEMICAL,OTHER:(TOTAL)",7018.0
35146,COLORADO,2007,AGLAND-OPERATIONSWITHTREATED,"CHEMICAL,FUNGICIDE","CHEMICAL,FUNGICIDE:(TOTAL)",692.0
35147,COLORADO,2007,AGLAND-OPERATIONSWITHTREATED,"CHEMICAL,HERBICIDE","CHEMICAL,HERBICIDE:(TOTAL)",9215.0
35150,COLORADO,2007,AGLAND-OPERATIONSWITHTREATED,"CHEMICAL,OTHER","CHEMICAL,OTHER:(TOTAL)",253.0
35165,CONNECTICUT,2007,AGLAND-OPERATIONSWITHTREATED,"CHEMICAL,FUNGICIDE","CHEMICAL,FUNGICIDE:(TOTAL)",457.0
35166,CONNECTICUT,2007,AGLAND-OPERATIONSWITHTREATED,"CHEMICAL,HERBICIDE","CHEMICAL,HERBICIDE:(TOTAL)",934.0
35169,CONNECTICUT,2007,AGLAND-OPERATIONSWITHTREATED,"CHEMICAL,OTHER","CHEMICAL,OTHER:(TOTAL)",137.0
35184,DELAWARE,2007,AGLAND-OPERATIONSWITHTREATED,"CHEMICAL,FUNGICIDE","CHEMICAL,FUNGICIDE:(TOTAL)",159.0
35185,DELAWARE,2007,AGLAND-OPERATIONSWITHTREATED,"CHEMICAL,HERBICIDE","CHEMICAL,HERBICIDE:(TOTAL)",992.0
35188,DELAWARE,2007,AGLAND-OPERATIONSWITHTREATED,"CHEMICAL,OTHER","CHEMICAL,OTHER:(TOTAL)",25.0
35203,FLORIDA,2007,AGLAND-OPERATIONSWITHTREATED,"CHEMICAL,FUNGICIDE","CHEMICAL,FUNGICIDE:(TOTAL)",5314.0
35204,FLORIDA,2007,AGLAND-OPERATIONSWITHTREATED,"CHEMICAL,HERBICIDE","CHEMICAL,HERBICIDE:(TOTAL)",13311.0
35207,FLORIDA,2007,AGLAND-OPERATIONSWITHTREATED,"CHEMICAL,OTHER","CHEMICAL,OTHER:(TOTAL)",1850.0
35222,GEORGIA,2007,AGLAND-OPERATIONSWITHTREATED,"CHEMICAL,FUNGICIDE","CHEMICAL,FUNGICIDE:(TOTAL)",2590.0
35223,GEORGIA,2007,AGLAND-OPERATIONSWITHTREATED,"CHEMICAL,HERBICIDE","CHEMICAL,HERBICIDE:(TOTAL)",13608.0
35226,GEORGIA,2007,AGLAND-OPERATIONSWITHTREATED,"CHEMICAL,OTHER","CHEMICAL,OTHER:(TOTAL)",2423.0
35241,HAWAII,2007,AGLAND-OPERATIONSWITHTREATED,"CHEMICAL,FUNGICIDE","CHEMICAL,FUNGICIDE:(TOTAL)",836.0
35242,HAWAII,2007,AGLAND-OPERATIONSWITHTREATED,"CHEMICAL,HERBICIDE","CHEMICAL,HERBICIDE:(TOTAL)",3053.0
35245,HAWAII,2007,AGLAND-OPERATIONSWITHTREATED,"CHEMICAL,OTHER","CHEMICAL,OTHER:(TOTAL)",255.0
35260,IDAHO,2007,AGLAND-OPERATIONSWITHTREATED,"CHEMICAL,FUNGICIDE","CHEMICAL,FUNGICIDE:(TOTAL)",844.0
35261,IDAHO,2007,AGLAND-OPERATIONSWITHTREATED,"CHEMICAL,HERBICIDE","CHEMICAL,HERBICIDE:(TOTAL)",9538.0
35264,IDAHO,2007,AGLAND-OPERATIONSWITHTREATED,"CHEMICAL,OTHER","CHEMICAL,OTHER:(TOTAL)",493.0
35279,ILLINOIS,2007,AGLAND-OPERATIONSWITHTREATED,"CHEMICAL,FUNGICIDE","CHEMICAL,FUNGICIDE:(TOTAL)",4823.0
35280,ILLINOIS,2007,AGLAND-OPERATIONSWITHTREATED,"CHEMICAL,HERBICIDE","CHEMICAL,HERBICIDE:(TOTAL)",38472.0
35283,ILLINOIS,2007,AGLAND-OPERATIONSWITHTREATED,"CHEMICAL,OTHER","CHEMICAL,OTHER:(TOTAL)",445.0
35298,INDIANA,2007,AGLAND-OPERATIONSWITHTREATED,"CHEMICAL,FUNGICIDE","CHEMICAL,FUNGICIDE:(TOTAL)",2372.0
35299,INDIANA,2007,AGLAND-OPERATIONSWITHTREATED,"CHEMICAL,HERBICIDE","CHEMICAL,HERBICIDE:(TOTAL)",24824.0
35302,INDIANA,2007,AGLAND-OPERATIONSWITHTREATED,"CHEMICAL,OTHER","CHEMICAL,OTHER:(TOTAL)",395.0
35317,IOWA,2007,AGLAND-OPERATIONSWITHTREATED,"CHEMICAL,FUNGICIDE","CHEMICAL,FUNGICIDE:(TOTAL)",3909.0
35318,IOWA,2007,AGLAND-OPERATIONSWITHTREATED,"CHEMICAL,HERBICIDE","CHEMICAL,HERBICIDE:(TOTAL)",47451.0
35321,IOWA,2007,AGLAND-OPERATIONSWITHTREATED,"CHEMICAL,OTHER","CHEMICAL,OTHER:(TOTAL)",279.0
35336,KANSAS,2007,AGLAND-OPERATIONSWITHTREATED,"CHEMICAL,FUNGICIDE","CHEMICAL,FUNGICIDE:(TOTAL)",2038.0
35337,KANSAS,2007,AGLAND-OPERATIONSWITHTREATED,"CHEMICAL,HERBICIDE","CHEMICAL,HERBICIDE:(TOTAL)",26876.0
35340,KANSAS,2007,AGLAND-OPERATIONSWITHTREATED,"CHEMICAL,OTHER","CHEMICAL,OTHER:(TOTAL)",92.0
35355,KENTUCKY,2007,AGLAND-OPERATIONSWITHTREATED,"CHEMICAL,FUNGICIDE","CHEMICAL,FUNGICIDE:(TOTAL)",2247.0
35356,KENTUCKY,2007,AGLAND-OPERATIONSWITHTREATED,"CHEMICAL,HERBICIDE","CHEMICAL,HERBICIDE:(TOTAL)",16287.0
35359,KENTUCKY,2007,AGLAND-OPERATIONSWITHTREATED,"CHEMICAL,OTHER","CHEMICAL,OTHER:(TOTAL)",1575.0
35374,LOUISIANA,2007,AGLAND-OPERATIONSWITHTREATED,"CHEMICAL,FUNGICIDE","CHEMICAL,FUNGICIDE:(TOTAL)",1401.0
35375,LOUISIANA,2007,AGLAND-OPERATIONSWITHTREATED,"CHEMICAL,HERBICIDE","CHEMICAL,HERBICIDE:(TOTAL)",8246.0
35378,LOUISIANA,2007,AGLAND-OPERATIONSWITHTREATED,"CHEMICAL,OTHER","CHEMICAL,OTHER:(TOTAL)",1126.0
35393,MAINE,2007,AGLAND-OPERATIONSWITHTREATED,"CHEMICAL,FUNGICIDE","CHEMICAL,FUNGICIDE:(TOTAL)",596.0
35394,MAINE,2007,AGLAND-OPERATIONSWITHTREATED,"CHEMICAL,HERBICIDE","CHEMICAL,HERBICIDE:(TOTAL)",1164.0
35397,MAINE,2007,AGLAND-OPERATIONSWITHTREATED,"CHEMICAL,OTHER","CHEMICAL,OTHER:(TOTAL)",278.0
35412,MARYLAND,2007,AGLAND-OPERATIONSWITHTREATED,"CHEMICAL,FUNGICIDE","CHEMICAL,FUNGICIDE:(TOTAL)",724.0
35413,MARYLAND,2007,AGLAND-OPERATIONSWITHTREATED,"CHEMICAL,HERBICIDE","CHEMICAL,HERBICIDE:(TOTAL)",4501.0
35416,MARYLAND,2007,AGLAND-OPERATIONSWITHTREATED,"CHEMICAL,OTHER","CHEMICAL,OTHER:(TOTAL)",172.0
35431,MASSACHUSETTS,2007,AGLAND-OPERATIONSWITHTREATED,"CHEMICAL,FUNGICIDE","CHEMICAL,FUNGICIDE:(TOTAL)",720.0
35432,MASSACHUSETTS,2007,AGLAND-OPERATIONSWITHTREATED,"CHEMICAL,HERBICIDE","CHEMICAL,HERBICIDE:(TOTAL)",1326.0
35435,MASSACHUSETTS,2007,AGLAND-OPERATIONSWITHTREATED,"CHEMICAL,OTHER","CHEMICAL,OTHER:(TOTAL)",216.0
35450,MICHIGAN,2007,AGLAND-OPERATIONSWITHTREATED,"CHEMICAL,FUNGICIDE","CHEMICAL,FUNGICIDE:(TOTAL)",3670.0
35451,MICHIGAN,2007,AGLAND-OPERATIONSWITHTREATED,"CHEMICAL,HERBICIDE","CHEMICAL,HERBICIDE:(TOTAL)",18681.0
35454,MICHIGAN,2007,AGLAND-OPERATIONSWITHTREATED,"CHEMICAL,OTHER","CHEMICAL,OTHER:(TOTAL)",1521.0
35469,MINNESOTA,2007,AGLAND-OPERATIONSWITHTREATED,"CHEMICAL,FUNGICIDE","CHEMICAL,FUNGICIDE:(TOTAL)",3005.0
35470,MINNESOTA,2007,AGLAND-OPERATIONSWITHTREATED,"CHEMICAL,HERBICIDE","CHEMICAL,HERBICIDE:(TOTAL)",34775.0
35473,MINNESOTA,2007,AGLAND-OPERATIONSWITHTREATED,"CHEMICAL,OTHER","CHEMICAL,OTHER:(TOTAL)",615.0
35488,MISSISSIPPI,2007,AGLAND-OPERATIONSWITHTREATED,"CHEMICAL,FUNGICIDE","CHEMICAL,FUNGICIDE:(TOTAL)",953.0
35489,MISSISSIPPI,2007,AGLAND-OPERATIONSWITHTREATED,"CHEMICAL,HERBICIDE","CHEMICAL,HERBICIDE:(TOTAL)",9631.0
35492,MISSISSIPPI,2007,AGLAND-OPERATIONSWITHTREATED,"CHEMICAL,OTHER","CHEMICAL,OTHER:(TOTAL)",775.0
35507,MISSOURI,2007,AGLAND-OPERATIONSWITHTREATED,"CHEMICAL,FUNGICIDE","CHEMICAL,FUNGICIDE:(TOTAL)",1656.0
35508,MISSOURI,2007,AGLAND-OPERATIONSWITHTREATED,"CHEMICAL,HERBICIDE","CHEMICAL,HERBICIDE:(TOTAL)",27265.0
35511,MISSOURI,2007,AGLAND-OPERATIONSWITHTREATED,"CHEMICAL,OTHER","CHEMICAL,OTHER:(TOTAL)",912.0
35526,MONTANA,2007,AGLAND-OPERATIONSWITHTREATED,"CHEMICAL,FUNGICIDE","CHEMICAL,FUNGICIDE:(TOTAL)",610.0
35527,MONTANA,2007,AGLAND-OPERATIONSWITHTREATED,"CHEMICAL,HERBICIDE","CHEMICAL,HERBICIDE:(TOTAL)",9787.0
35530,MONTANA,2007,AGLAND-OPERATIONSWITHTREATED,"CHEMICAL,OTHER","CHEMICAL,OTHER:(TOTAL)",216.0
35545,NEBRASKA,2007,AGLAND-OPERATIONSWITHTREATED,"CHEMICAL,FUNGICIDE","CHEMICAL,FUNGICIDE:(TOTAL)",2907.0
35546,NEBRASKA,2007,AGLAND-OPERATIONSWITHTREATED,"CHEMICAL,HERBICIDE","CHEMICAL,HERBICIDE:(TOTAL)",24746.0
35549,NEBRASKA,2007,AGLAND-OPERATIONSWITHTREATED,"CHEMICAL,OTHER","CHEMICAL,OTHER:(TOTAL)",176.0
35564,NEVADA,2007,AGLAND-OPERATIONSWITHTREATED,"CHEMICAL,FUNGICIDE","CHEMICAL,FUNGICIDE:(TOTAL)",24.0
35565,NEVADA,2007,AGLAND-OPERATIONSWITHTREATED,"CHEMICAL,HERBICIDE","CHEMICAL,HERBICIDE:(TOTAL)",646.0
35568,NEVADA,2007,AGLAND-OPERATIONSWITHTREATED,"CHEMICAL,OTHER","CHEMICAL,OTHER:(TOTAL)",18.0
35583,NEWHAMPSHIRE,2007,AGLAND-OPERATIONSWITHTREATED,"CHEMICAL,FUNGICIDE","CHEMICAL,FUNGICIDE:(TOTAL)",239.0
35584,NEWHAMPSHIRE,2007,AGLAND-OPERATIONSWITHTREATED,"CHEMICAL,HERBICIDE","CHEMICAL,HERBICIDE:(TOTAL)",407.0
35587,NEWHAMPSHIRE,2007,AGLAND-OPERATIONSWITHTREATED,"CHEMICAL,OTHER","CHEMICAL,OTHER:(TOTAL)",78.0
35602,NEWJERSEY,2007,AGLAND-OPERATIONSWITHTREATED,"CHEMICAL,FUNGICIDE","CHEMICAL,FUNGICIDE:(TOTAL)",875.0
35603,NEWJERSEY,2007,AGLAND-OPERATIONSWITHTREATED,"CHEMICAL,HERBICIDE","CHEMICAL,HERBICIDE:(TOTAL)",2327.0
35606,NEWJERSEY,2007,AGLAND-OPERATIONSWITHTREATED,"CHEMICAL,OTHER","CHEMICAL,OTHER:(TOTAL)",189.0
35621,NEWMEXICO,2007,AGLAND-OPERATIONSWITHTREATED,"CHEMICAL,FUNGICIDE","CHEMICAL,FUNGICIDE:(TOTAL)",363.0
35622,NEWMEXICO,2007,AGLAND-OPERATIONSWITHTREATED,"CHEMICAL,HERBICIDE","CHEMICAL,HERBICIDE:(TOTAL)",2563.0
35625,NEWMEXICO,2007,AGLAND-OPERATIONSWITHTREATED,"CHEMICAL,OTHER","CHEMICAL,OTHER:(TOTAL)",296.0
35640,NEWYORK,2007,AGLAND-OPERATIONSWITHTREATED,"CHEMICAL,FUNGICIDE","CHEMICAL,FUNGICIDE:(TOTAL)",2563.0
35641,NEWYORK,2007,AGLAND-OPERATIONSWITHTREATED,"CHEMICAL,HERBICIDE","CHEMICAL,HERBICIDE:(TOTAL)",9325.0
35644,NEWYORK,2007,AGLAND-OPERATIONSWITHTREATED,"CHEMICAL,OTHER","CHEMICAL,OTHER:(TOTAL)",928.0
35659,NORTHCAROLINA,2007,AGLAND-OPERATIONSWITHTREATED,"CHEMICAL,FUNGICIDE","CHEMICAL,FUNGICIDE:(TOTAL)",2420.0
35660,NORTHCAROLINA,2007,AGLAND-OPERATIONSWITHTREATED,"CHEMICAL,HERBICIDE","CHEMICAL,HERBICIDE:(TOTAL)",17571.0
35663,NORTHCAROLINA,2007,AGLAND-OPERATIONSWITHTREATED,"CHEMICAL,OTHER","CHEMICAL,OTHER:(TOTAL)",1973.0
35678,NORTHDAKOTA,2007,AGLAND-OPERATIONSWITHTREATED,"CHEMICAL,FUNGICIDE","CHEMICAL,FUNGICIDE:(TOTAL)",3668.0
35679,NORTHDAKOTA,2007,AGLAND-OPERATIONSWITHTREATED,"CHEMICAL,HERBICIDE","CHEMICAL,HERBICIDE:(TOTAL)",14381.0
35682,NORTHDAKOTA,2007,AGLAND-OPERATIONSWITHTREATED,"CHEMICAL,OTHER","CHEMICAL,OTHER:(TOTAL)",993.0
35697,OHIO,2007,AGLAND-OPERATIONSWITHTREATED,"CHEMICAL,FUNGICIDE","CHEMICAL,FUNGICIDE:(TOTAL)",2737.0
35698,OHIO,2007,AGLAND-OPERATIONSWITHTREATED,"CHEMICAL,HERBICIDE","CHEMICAL,HERBICIDE:(TOTAL)",28826.0
35701,OHIO,2007,AGLAND-OPERATIONSWITHTREATED,"CHEMICAL,OTHER","CHEMICAL,OTHER:(TOTAL)",729.0
35716,OKLAHOMA,2007,AGLAND-OPERATIONSWITHTREATED,"CHEMICAL,FUNGICIDE","CHEMICAL,FUNGICIDE:(TOTAL)",1183.0
35717,OKLAHOMA,2007,AGLAND-OPERATIONSWITHTREATED,"CHEMICAL,HERBICIDE","CHEMICAL,HERBICIDE:(TOTAL)",25246.0
35720,OKLAHOMA,2007,AGLAND-OPERATIONSWITHTREATED,"CHEMICAL,OTHER","CHEMICAL,OTHER:(TOTAL)",579.0
35735,OREGON,2007,AGLAND-OPERATIONSWITHTREATED,"CHEMICAL,FUNGICIDE","CHEMICAL,FUNGICIDE:(TOTAL)",3648.0
35736,OREGON,2007,AGLAND-OPERATIONSWITHTREATED,"CHEMICAL,HERBICIDE","CHEMICAL,HERBICIDE:(TOTAL)",13386.0
35739,OREGON,2007,AGLAND-OPERATIONSWITHTREATED,"CHEMICAL,OTHER","CHEMICAL,OTHER:(TOTAL)",1298.0
35754,PENNSYLVANIA,2007,AGLAND-OPERATIONSWITHTREATED,"CHEMICAL,FUNGICIDE","CHEMICAL,FUNGICIDE:(TOTAL)",3470.0
35755,PENNSYLVANIA,2007,AGLAND-OPERATIONSWITHTREATED,"CHEMICAL,HERBICIDE","CHEMICAL,HERBICIDE:(TOTAL)",20940.0
35758,PENNSYLVANIA,2007,AGLAND-OPERATIONSWITHTREATED,"CHEMICAL,OTHER","CHEMICAL,OTHER:(TOTAL)",1102.0
35773,RHODEISLAND,2007,AGLAND-OPERATIONSWITHTREATED,"CHEMICAL,FUNGICIDE","CHEMICAL,FUNGICIDE:(TOTAL)",87.0
35774,RHODEISLAND,2007,AGLAND-OPERATIONSWITHTREATED,"CHEMICAL,HERBICIDE","CHEMICAL,HERBICIDE:(TOTAL)",198.0
35777,RHODEISLAND,2007,AGLAND-OPERATIONSWITHTREATED,"CHEMICAL,OTHER","CHEMICAL,OTHER:(TOTAL)",35.0
35792,SOUTHCAROLINA,2007,AGLAND-OPERATIONSWITHTREATED,"CHEMICAL,FUNGICIDE","CHEMICAL,FUNGICIDE:(TOTAL)",789.0
35793,SOUTHCAROLINA,2007,AGLAND-OPERATIONSWITHTREATED,"CHEMICAL,HERBICIDE","CHEMICAL,HERBICIDE:(TOTAL)",6618.0
35796,SOUTHCAROLINA,2007,AGLAND-OPERATIONSWITHTREATED,"CHEMICAL,OTHER","CHEMICAL,OTHER:(TOTAL)",587.0
35811,SOUTHDAKOTA,2007,AGLAND-OPERATIONSWITHTREATED,"CHEMICAL,FUNGICIDE","CHEMICAL,FUNGICIDE:(TOTAL)",1603.0
35812,SOUTHDAKOTA,2007,AGLAND-OPERATIONSWITHTREATED,"CHEMICAL,HERBICIDE","CHEMICAL,HERBICIDE:(TOTAL)",15563.0
35815,SOUTHDAKOTA,2007,AGLAND-OPERATIONSWITHTREATED,"CHEMICAL,OTHER","CHEMICAL,OTHER:(TOTAL)",124.0
35830,TENNESSEE,2007,AGLAND-OPERATIONSWITHTREATED,"CHEMICAL,FUNGICIDE","CHEMICAL,FUNGICIDE:(TOTAL)",1664.0
35831,TENNESSEE,2007,AGLAND-OPERATIONSWITHTREATED,"CHEMICAL,HERBICIDE","CHEMICAL,HERBICIDE:(TOTAL)",18289.0
35834,TENNESSEE,2007,AGLAND-OPERATIONSWITHTREATED,"CHEMICAL,OTHER","CHEMICAL,OTHER:(TOTAL)",1857.0
35849,TEXAS,2007,AGLAND-OPERATIONSWITHTREATED,"CHEMICAL,FUNGICIDE","CHEMICAL,FUNGICIDE:(TOTAL)",3561.0
35850,TEXAS,2007,AGLAND-OPERATIONSWITHTREATED,"CHEMICAL,HERBICIDE","CHEMICAL,HERBICIDE:(TOTAL)",59964.0
35853,TEXAS,2007,AGLAND-OPERATIONSWITHTREATED,"CHEMICAL,OTHER","CHEMICAL,OTHER:(TOTAL)",6040.0
35868,UTAH,2007,AGLAND-OPERATIONSWITHTREATED,"CHEMICAL,FUNGICIDE","CHEMICAL,FUNGICIDE:(TOTAL)",308.0
35869,UTAH,2007,AGLAND-OPERATIONSWITHTREATED,"CHEMICAL,HERBICIDE","CHEMICAL,HERBICIDE:(TOTAL)",4469.0
35872,UTAH,2007,AGLAND-OPERATIONSWITHTREATED,"CHEMICAL,OTHER","CHEMICAL,OTHER:(TOTAL)",221.0
35887,VERMONT,2007,AGLAND-OPERATIONSWITHTREATED,"CHEMICAL,FUNGICIDE","CHEMICAL,FUNGICIDE:(TOTAL)",219.0
35888,VERMONT,2007,AGLAND-OPERATIONSWITHTREATED,"CHEMICAL,HERBICIDE","CHEMICAL,HERBICIDE:(TOTAL)",871.0
35891,VERMONT,2007,AGLAND-OPERATIONSWITHTREATED,"CHEMICAL,OTHER","CHEMICAL,OTHER:(TOTAL)",79.0
35906,VIRGINIA,2007,AGLAND-OPERATIONSWITHTREATED,"CHEMICAL,FUNGICIDE","CHEMICAL,FUNGICIDE:(TOTAL)",1366.0
35907,VIRGINIA,2007,AGLAND-OPERATIONSWITHTREATED,"CHEMICAL,HERBICIDE","CHEMICAL,HERBICIDE:(TOTAL)",10790.0
35910,VIRGINIA,2007,AGLAND-OPERATIONSWITHTREATED,"CHEMICAL,OTHER","CHEMICAL,OTHER:(TOTAL)",730.0
35925,WASHINGTON,2007,AGLAND-OPERATIONSWITHTREATED,"CHEMICAL,FUNGICIDE","CHEMICAL,FUNGICIDE:(TOTAL)",3403.0
35926,WASHINGTON,2007,AGLAND-OPERATIONSWITHTREATED,"CHEMICAL,HERBICIDE","CHEMICAL,HERBICIDE:(TOTAL)",12114.0
35929,WASHINGTON,2007,AGLAND-OPERATIONSWITHTREATED,"CHEMICAL,OTHER","CHEMICAL,OTHER:(TOTAL)",2489.0
35944,WESTVIRGINIA,2007,AGLAND-OPERATIONSWITHTREATED,"CHEMICAL,FUNGICIDE","CHEMICAL,FUNGICIDE:(TOTAL)",366.0
35945,WESTVIRGINIA,2007,AGLAND-OPERATIONSWITHTREATED,"CHEMICAL,HERBICIDE","CHEMICAL,HERBICIDE:(TOTAL)",2788.0
35948,WESTVIRGINIA,2007,AGLAND-OPERATIONSWITHTREATED,"CHEMICAL,OTHER","CHEMICAL,OTHER:(TOTAL)",157.0
35963,WISCONSIN,2007,AGLAND-OPERATIONSWITHTREATED,"CHEMICAL,FUNGICIDE","CHEMICAL,FUNGICIDE:(TOTAL)",2124.0
35964,WISCONSIN,2007,AGLAND-OPERATIONSWITHTREATED,"CHEMICAL,HERBICIDE","CHEMICAL,HERBICIDE:(TOTAL)",30527.0
35967,WISCONSIN,2007,AGLAND-OPERATIONSWITHTREATED,"CHEMICAL,OTHER","CHEMICAL,OTHER:(TOTAL)",640.0
35982,WYOMING,2007,AGLAND-OPERATIONSWITHTREATED,"CHEMICAL,FUNGICIDE","CHEMICAL,FUNGICIDE:(TOTAL)",50.0
35983,WYOMING,2007,AGLAND-OPERATIONSWITHTREATED,"CHEMICAL,HERBICIDE","CHEMICAL,HERBICIDE:(TOTAL)",2633.0
35986,WYOMING,2007,AGLAND-OPERATIONSWITHTREATED,"CHEMICAL,OTHER","CHEMICAL,OTHER:(TOTAL)",37.0
36000,ALABAMA,2002,AGLAND-OPERATIONSWITHTREATED,"CHEMICAL,FUNGICIDE","CHEMICAL,FUNGICIDE:(TOTAL)",1455.0
36001,ALABAMA,2002,AGLAND-OPERATIONSWITHTREATED,"CHEMICAL,HERBICIDE","CHEMICAL,HERBICIDE:(TOTAL)",11122.0
36004,ALABAMA,2002,AGLAND-OPERATIONSWITHTREATED,"CHEMICAL,OTHER","CHEMICAL,OTHER:(TOTAL)",896.0
36018,ALASKA,2002,AGLAND-OPERATIONSWITHTREATED,"CHEMICAL,FUNGICIDE","CHEMICAL,FUNGICIDE:(TOTAL)",1.0
36019,ALASKA,2002,AGLAND-OPERATIONSWITHTREATED,"CHEMICAL,HERBICIDE","CHEMICAL,HERBICIDE:(TOTAL)",64.0
36022,ALASKA,2002,AGLAND-OPERATIONSWITHTREATED,"CHEMICAL,OTHER","CHEMICAL,OTHER:(TOTAL)",2.0
36036,ARIZONA,2002,AGLAND-OPERATIONSWITHTREATED,"CHEMICAL,FUNGICIDE","CHEMICAL,FUNGICIDE:(TOTAL)",290.0
36037,ARIZONA,2002,AGLAND-OPERATIONSWITHTREATED,"CHEMICAL,HERBICIDE","CHEMICAL,HERBICIDE:(TOTAL)",1416.0
36040,ARIZONA,2002,AGLAND-OPERATIONSWITHTREATED,"CHEMICAL,OTHER","CHEMICAL,OTHER:(TOTAL)",307.0
36054,ARKANSAS,2002,AGLAND-OPERATIONSWITHTREATED,"CHEMICAL,FUNGICIDE","CHEMICAL,FUNGICIDE:(TOTAL)",1504.0
36055,ARKANSAS,2002,AGLAND-OPERATIONSWITHTREATED,"CHEMICAL,HERBICIDE","CHEMICAL,HERBICIDE:(TOTAL)",13710.0
36058,ARKANSAS,2002,AGLAND-OPERATIONSWITHTREATED,"CHEMICAL,OTHER","CHEMICAL,OTHER:(TOTAL)",1121.0
36072,CALIFORNIA,2002,AGLAND-OPERATIONSWITHTREATED,"CHEMICAL,FUNGICIDE","CHEMICAL,FUNGICIDE:(TOTAL)",17349.0
36073,CALIFORNIA,2002,AGLAND-OPERATIONSWITHTREATED,"CHEMICAL,HERBICIDE","CHEMICAL,HERBICIDE:(TOTAL)",33139.0
36076,CALIFORNIA,2002,AGLAND-OPERATIONSWITHTREATED,"CHEMICAL,OTHER","CHEMICAL,OTHER:(TOTAL)",6043.0
36090,COLORADO,2002,AGLAND-OPERATIONSWITHTREATED,"CHEMICAL,FUNGICIDE","CHEMICAL,FUNGICIDE:(TOTAL)",684.0
36091,COLORADO,2002,AGLAND-OPERATIONSWITHTREATED,"CHEMICAL,HERBICIDE","CHEMICAL,HERBICIDE:(TOTAL)",7355.0
36094,COLORADO,2002,AGLAND-OPERATIONSWITHTREATED,"CHEMICAL,OTHER","CHEMICAL,OTHER:(TOTAL)",270.0
36108,CONNECTICUT,2002,AGLAND-OPERATIONSWITHTREATED,"CHEMICAL,FUNGICIDE","CHEMICAL,FUNGICIDE:(TOTAL)",415.0
36109,CONNECTICUT,2002,AGLAND-OPERATIONSWITHTREATED,"CHEMICAL,HERBICIDE","CHEMICAL,HERBICIDE:(TOTAL)",856.0
36112,CONNECTICUT,2002,AGLAND-OPERATIONSWITHTREATED,"CHEMICAL,OTHER","CHEMICAL,OTHER:(TOTAL)",89.0
36126,DELAWARE,2002,AGLAND-OPERATIONSWITHTREATED,"CHEMICAL,FUNGICIDE","CHEMICAL,FUNGICIDE:(TOTAL)",188.0
36127,DELAWARE,2002,AGLAND-OPERATIONSWITHTREATED,"CHEMICAL,HERBICIDE","CHEMICAL,HERBICIDE:(TOTAL)",1076.0
36130,DELAWARE,2002,AGLAND-OPERATIONSWITHTREATED,"CHEMICAL,OTHER","CHEMICAL,OTHER:(TOTAL)",34.0
36144,FLORIDA,2002,AGLAND-OPERATIONSWITHTREATED,"CHEMICAL,FUNGICIDE","CHEMICAL,FUNGICIDE:(TOTAL)",8215.0
36145,FLORIDA,2002,AGLAND-OPERATIONSWITHTREATED,"CHEMICAL,HERBICIDE","CHEMICAL,HERBICIDE:(TOTAL)",14906.0
36148,FLORIDA,2002,AGLAND-OPERATIONSWITHTREATED,"CHEMICAL,OTHER","CHEMICAL,OTHER:(TOTAL)",1287.0
36162,GEORGIA,2002,AGLAND-OPERATIONSWITHTREATED,"CHEMICAL,FUNGICIDE","CHEMICAL,FUNGICIDE:(TOTAL)",2825.0
36163,GEORGIA,2002,AGLAND-OPERATIONSWITHTREATED,"CHEMICAL,HERBICIDE","CHEMICAL,HERBICIDE:(TOTAL)",13513.0
36166,GEORGIA,2002,AGLAND-OPERATIONSWITHTREATED,"CHEMICAL,OTHER","CHEMICAL,OTHER:(TOTAL)",1991.0
36180,HAWAII,2002,AGLAND-OPERATIONSWITHTREATED,"CHEMICAL,FUNGICIDE","CHEMICAL,FUNGICIDE:(TOTAL)",800.0
36181,HAWAII,2002,AGLAND-OPERATIONSWITHTREATED,"CHEMICAL,HERBICIDE","CHEMICAL,HERBICIDE:(TOTAL)",2820.0
36184,HAWAII,2002,AGLAND-OPERATIONSWITHTREATED,"CHEMICAL,OTHER","CHEMICAL,OTHER:(TOTAL)",216.0
36198,IDAHO,2002,AGLAND-OPERATIONSWITHTREATED,"CHEMICAL,FUNGICIDE","CHEMICAL,FUNGICIDE:(TOTAL)",978.0
36199,IDAHO,2002,AGLAND-OPERATIONSWITHTREATED,"CHEMICAL,HERBICIDE","CHEMICAL,HERBICIDE:(TOTAL)",9078.0
36202,IDAHO,2002,AGLAND-OPERATIONSWITHTREATED,"CHEMICAL,OTHER","CHEMICAL,OTHER:(TOTAL)",532.0
36216,ILLINOIS,2002,AGLAND-OPERATIONSWITHTREATED,"CHEMICAL,FUNGICIDE","CHEMICAL,FUNGICIDE:(TOTAL)",1425.0
36217,ILLINOIS,2002,AGLAND-OPERATIONSWITHTREATED,"CHEMICAL,HERBICIDE","CHEMICAL,HERBICIDE:(TOTAL)",40212.0
36220,ILLINOIS,2002,AGLAND-OPERATIONSWITHTREATED,"CHEMICAL,OTHER","CHEMICAL,OTHER:(TOTAL)",332.0
36234,INDIANA,2002,AGLAND-OPERATIONSWITHTREATED,"CHEMICAL,FUNGICIDE","CHEMICAL,FUNGICIDE:(TOTAL)",1113.0
36235,INDIANA,2002,AGLAND-OPERATIONSWITHTREATED,"CHEMICAL,HERBICIDE","CHEMICAL,HERBICIDE:(TOTAL)",25540.0
36238,INDIANA,2002,AGLAND-OPERATIONSWITHTREATED,"CHEMICAL,OTHER","CHEMICAL,OTHER:(TOTAL)",313.0
36252,IOWA,2002,AGLAND-OPERATIONSWITHTREATED,"CHEMICAL,FUNGICIDE","CHEMICAL,FUNGICIDE:(TOTAL)",834.0
36253,IOWA,2002,AGLAND-OPERATIONSWITHTREATED,"CHEMICAL,HERBICIDE","CHEMICAL,HERBICIDE:(TOTAL)",46334.0
36256,IOWA,2002,AGLAND-OPERATIONSWITHTREATED,"CHEMICAL,OTHER","CHEMICAL,OTHER:(TOTAL)",190.0
36270,KANSAS,2002,AGLAND-OPERATIONSWITHTREATED,"CHEMICAL,FUNGICIDE","CHEMICAL,FUNGICIDE:(TOTAL)",548.0
36271,KANSAS,2002,AGLAND-OPERATIONSWITHTREATED,"CHEMICAL,HERBICIDE","CHEMICAL,HERBICIDE:(TOTAL)",24597.0
36274,KANSAS,2002,AGLAND-OPERATIONSWITHTREATED,"CHEMICAL,OTHER","CHEMICAL,OTHER:(TOTAL)",432.0
36288,KENTUCKY,2002,AGLAND-OPERATIONSWITHTREATED,"CHEMICAL,FUNGICIDE","CHEMICAL,FUNGICIDE:(TOTAL)",4011.0
36289,KENTUCKY,2002,AGLAND-OPERATIONSWITHTREATED,"CHEMICAL,HERBICIDE","CHEMICAL,HERBICIDE:(TOTAL)",19179.0
36292,KENTUCKY,2002,AGLAND-OPERATIONSWITHTREATED,"CHEMICAL,OTHER","CHEMICAL,OTHER:(TOTAL)",2127.0
36306,LOUISIANA,2002,AGLAND-OPERATIONSWITHTREATED,"CHEMICAL,FUNGICIDE","CHEMICAL,FUNGICIDE:(TOTAL)",1525.0
36307,LOUISIANA,2002,AGLAND-OPERATIONSWITHTREATED,"CHEMICAL,HERBICIDE","CHEMICAL,HERBICIDE:(TOTAL)",8484.0
36310,LOUISIANA,2002,AGLAND-OPERATIONSWITHTREATED,"CHEMICAL,OTHER","CHEMICAL,OTHER:(TOTAL)",1563.0
36324,MAINE,2002,AGLAND-OPERATIONSWITHTREATED,"CHEMICAL,FUNGICIDE","CHEMICAL,FUNGICIDE:(TOTAL)",700.0
36325,MAINE,2002,AGLAND-OPERATIONSWITHTREATED,"CHEMICAL,HERBICIDE","CHEMICAL,HERBICIDE:(TOTAL)",1203.0
36328,MAINE,2002,AGLAND-OPERATIONSWITHTREATED,"CHEMICAL,OTHER","CHEMICAL,OTHER:(TOTAL)",354.0
36342,MARYLAND,2002,AGLAND-OPERATIONSWITHTREATED,"CHEMICAL,FUNGICIDE","CHEMICAL,FUNGICIDE:(TOTAL)",831.0
36343,MARYLAND,2002,AGLAND-OPERATIONSWITHTREATED,"CHEMICAL,HERBICIDE","CHEMICAL,HERBICIDE:(TOTAL)",4285.0
36346,MARYLAND,2002,AGLAND-OPERATIONSWITHTREATED,"CHEMICAL,OTHER","CHEMICAL,OTHER:(TOTAL)",248.0
36360,MASSACHUSETTS,2002,AGLAND-OPERATIONSWITHTREATED,"CHEMICAL,FUNGICIDE","CHEMICAL,FUNGICIDE:(TOTAL)",795.0
36361,MASSACHUSETTS,2002,AGLAND-OPERATIONSWITHTREATED,"CHEMICAL,HERBICIDE","CHEMICAL,HERBICIDE:(TOTAL)",1301.0
36364,MASSACHUSETTS,2002,AGLAND-OPERATIONSWITHTREATED,"CHEMICAL,OTHER","CHEMICAL,OTHER:(TOTAL)",154.0
36378,MICHIGAN,2002,AGLAND-OPERATIONSWITHTREATED,"CHEMICAL,FUNGICIDE","CHEMICAL,FUNGICIDE:(TOTAL)",3315.0
36379,MICHIGAN,2002,AGLAND-OPERATIONSWITHTREATED,"CHEMICAL,HERBICIDE","CHEMICAL,HERBICIDE:(TOTAL)",18709.0
36382,MICHIGAN,2002,AGLAND-OPERATIONSWITHTREATED,"CHEMICAL,OTHER","CHEMICAL,OTHER:(TOTAL)",1062.0
36396,MINNESOTA,2002,AGLAND-OPERATIONSWITHTREATED,"CHEMICAL,FUNGICIDE","CHEMICAL,FUNGICIDE:(TOTAL)",1676.0
36397,MINNESOTA,2002,AGLAND-OPERATIONSWITHTREATED,"CHEMICAL,HERBICIDE","CHEMICAL,HERBICIDE:(TOTAL)",31615.0
36400,MINNESOTA,2002,AGLAND-OPERATIONSWITHTREATED,"CHEMICAL,OTHER","CHEMICAL,OTHER:(TOTAL)",400.0
36414,MISSISSIPPI,2002,AGLAND-OPERATIONSWITHTREATED,"CHEMICAL,FUNGICIDE","CHEMICAL,FUNGICIDE:(TOTAL)",785.0
36415,MISSISSIPPI,2002,AGLAND-OPERATIONSWITHTREATED,"CHEMICAL,HERBICIDE","CHEMICAL,HERBICIDE:(TOTAL)",8952.0
36418,MISSISSIPPI,2002,AGLAND-OPERATIONSWITHTREATED,"CHEMICAL,OTHER","CHEMICAL,OTHER:(TOTAL)",1814.0
36432,MISSOURI,2002,AGLAND-OPERATIONSWITHTREATED,"CHEMICAL,FUNGICIDE","CHEMICAL,FUNGICIDE:(TOTAL)",1028.0
36433,MISSOURI,2002,AGLAND-OPERATIONSWITHTREATED,"CHEMICAL,HERBICIDE","CHEMICAL,HERBICIDE:(TOTAL)",26014.0
36436,MISSOURI,2002,AGLAND-OPERATIONSWITHTREATED,"CHEMICAL,OTHER","CHEMICAL,OTHER:(TOTAL)",694.0
36450,MONTANA,2002,AGLAND-OPERATIONSWITHTREATED,"CHEMICAL,FUNGICIDE","CHEMICAL,FUNGICIDE:(TOTAL)",521.0
36451,MONTANA,2002,AGLAND-OPERATIONSWITHTREATED,"CHEMICAL,HERBICIDE","CHEMICAL,HERBICIDE:(TOTAL)",9166.0
36454,MONTANA,2002,AGLAND-OPERATIONSWITHTREATED,"CHEMICAL,OTHER","CHEMICAL,OTHER:(TOTAL)",251.0
36468,NEBRASKA,2002,AGLAND-OPERATIONSWITHTREATED,"CHEMICAL,FUNGICIDE","CHEMICAL,FUNGICIDE:(TOTAL)",615.0
36469,NEBRASKA,2002,AGLAND-OPERATIONSWITHTREATED,"CHEMICAL,HERBICIDE","CHEMICAL,HERBICIDE:(TOTAL)",25223.0
36472,NEBRASKA,2002,AGLAND-OPERATIONSWITHTREATED,"CHEMICAL,OTHER","CHEMICAL,OTHER:(TOTAL)",261.0
36486,NEVADA,2002,AGLAND-OPERATIONSWITHTREATED,"CHEMICAL,FUNGICIDE","CHEMICAL,FUNGICIDE:(TOTAL)",36.0
36487,NEVADA,2002,AGLAND-OPERATIONSWITHTREATED,"CHEMICAL,HERBICIDE","CHEMICAL,HERBICIDE:(TOTAL)",609.0
36490,NEVADA,2002,AGLAND-OPERATIONSWITHTREATED,"CHEMICAL,OTHER","CHEMICAL,OTHER:(TOTAL)",17.0
36504,NEWHAMPSHIRE,2002,AGLAND-OPERATIONSWITHTREATED,"CHEMICAL,FUNGICIDE","CHEMICAL,FUNGICIDE:(TOTAL)",243.0
36505,NEWHAMPSHIRE,2002,AGLAND-OPERATIONSWITHTREATED,"CHEMICAL,HERBICIDE","CHEMICAL,HERBICIDE:(TOTAL)",433.0
36508,NEWHAMPSHIRE,2002,AGLAND-OPERATIONSWITHTREATED,"CHEMICAL,OTHER","CHEMICAL,OTHER:(TOTAL)",60.0
36522,NEWJERSEY,2002,AGLAND-OPERATIONSWITHTREATED,"CHEMICAL,FUNGICIDE","CHEMICAL,FUNGICIDE:(TOTAL)",931.0
36523,NEWJERSEY,2002,AGLAND-OPERATIONSWITHTREATED,"CHEMICAL,HERBICIDE","CHEMICAL,HERBICIDE:(TOTAL)",2414.0
36526,NEWJERSEY,2002,AGLAND-OPERATIONSWITHTREATED,"CHEMICAL,OTHER","CHEMICAL,OTHER:(TOTAL)",191.0
36540,NEWMEXICO,2002,AGLAND-OPERATIONSWITHTREATED,"CHEMICAL,FUNGICIDE","CHEMICAL,FUNGICIDE:(TOTAL)",426.0
36541,NEWMEXICO,2002,AGLAND-OPERATIONSWITHTREATED,"CHEMICAL,HERBICIDE","CHEMICAL,HERBICIDE:(TOTAL)",2109.0
36544,NEWMEXICO,2002,AGLAND-OPERATIONSWITHTREATED,"CHEMICAL,OTHER","CHEMICAL,OTHER:(TOTAL)",223.0
36558,NEWYORK,2002,AGLAND-OPERATIONSWITHTREATED,"CHEMICAL,FUNGICIDE","CHEMICAL,FUNGICIDE:(TOTAL)",2634.0
36559,NEWYORK,2002,AGLAND-OPERATIONSWITHTREATED,"CHEMICAL,HERBICIDE","CHEMICAL,HERBICIDE:(TOTAL)",9911.0
36562,NEWYORK,2002,AGLAND-OPERATIONSWITHTREATED,"CHEMICAL,OTHER","CHEMICAL,OTHER:(TOTAL)",860.0
36576,NORTHCAROLINA,2002,AGLAND-OPERATIONSWITHTREATED,"CHEMICAL,FUNGICIDE","CHEMICAL,FUNGICIDE:(TOTAL)",3723.0
36577,NORTHCAROLINA,2002,AGLAND-OPERATIONSWITHTREATED,"CHEMICAL,HERBICIDE","CHEMICAL,HERBICIDE:(TOTAL)",20422.0
36580,NORTHCAROLINA,2002,AGLAND-OPERATIONSWITHTREATED,"CHEMICAL,OTHER","CHEMICAL,OTHER:(TOTAL)",2690.0
36594,NORTHDAKOTA,2002,AGLAND-OPERATIONSWITHTREATED,"CHEMICAL,FUNGICIDE","CHEMICAL,FUNGICIDE:(TOTAL)",1681.0
36595,NORTHDAKOTA,2002,AGLAND-OPERATIONSWITHTREATED,"CHEMICAL,HERBICIDE","CHEMICAL,HERBICIDE:(TOTAL)",13871.0
36598,NORTHDAKOTA,2002,AGLAND-OPERATIONSWITHTREATED,"CHEMICAL,OTHER","CHEMICAL,OTHER:(TOTAL)",628.0
36612,OHIO,2002,AGLAND-OPERATIONSWITHTREATED,"CHEMICAL,FUNGICIDE","CHEMICAL,FUNGICIDE:(TOTAL)",2401.0
36613,OHIO,2002,AGLAND-OPERATIONSWITHTREATED,"CHEMICAL,HERBICIDE","CHEMICAL,HERBICIDE:(TOTAL)",31767.0
36616,OHIO,2002,AGLAND-OPERATIONSWITHTREATED,"CHEMICAL,OTHER","CHEMICAL,OTHER:(TOTAL)",947.0
36630,OKLAHOMA,2002,AGLAND-OPERATIONSWITHTREATED,"CHEMICAL,FUNGICIDE","CHEMICAL,FUNGICIDE:(TOTAL)",766.0
36631,OKLAHOMA,2002,AGLAND-OPERATIONSWITHTREATED,"CHEMICAL,HERBICIDE","CHEMICAL,HERBICIDE:(TOTAL)",24599.0
36634,OKLAHOMA,2002,AGLAND-OPERATIONSWITHTREATED,"CHEMICAL,OTHER","CHEMICAL,OTHER:(TOTAL)",374.0
36648,OREGON,2002,AGLAND-OPERATIONSWITHTREATED,"CHEMICAL,FUNGICIDE","CHEMICAL,FUNGICIDE:(TOTAL)",4017.0
36649,OREGON,2002,AGLAND-OPERATIONSWITHTREATED,"CHEMICAL,HERBICIDE","CHEMICAL,HERBICIDE:(TOTAL)",15018.0
36652,OREGON,2002,AGLAND-OPERATIONSWITHTREATED,"CHEMICAL,OTHER","CHEMICAL,OTHER:(TOTAL)",1213.0
36666,PENNSYLVANIA,2002,AGLAND-OPERATIONSWITHTREATED,"CHEMICAL,FUNGICIDE","CHEMICAL,FUNGICIDE:(TOTAL)",3267.0
36667,PENNSYLVANIA,2002,AGLAND-OPERATIONSWITHTREATED,"CHEMICAL,HERBICIDE","CHEMICAL,HERBICIDE:(TOTAL)",19547.0
36670,PENNSYLVANIA,2002,AGLAND-OPERATIONSWITHTREATED,"CHEMICAL,OTHER","CHEMICAL,OTHER:(TOTAL)",1073.0
36684,RHODEISLAND,2002,AGLAND-OPERATIONSWITHTREATED,"CHEMICAL,FUNGICIDE","CHEMICAL,FUNGICIDE:(TOTAL)",98.0
36685,RHODEISLAND,2002,AGLAND-OPERATIONSWITHTREATED,"CHEMICAL,HERBICIDE","CHEMICAL,HERBICIDE:(TOTAL)",174.0
36688,RHODEISLAND,2002,AGLAND-OPERATIONSWITHTREATED,"CHEMICAL,OTHER","CHEMICAL,OTHER:(TOTAL)",28.0
36702,SOUTHCAROLINA,2002,AGLAND-OPERATIONSWITHTREATED,"CHEMICAL,FUNGICIDE","CHEMICAL,FUNGICIDE:(TOTAL)",938.0
36703,SOUTHCAROLINA,2002,AGLAND-OPERATIONSWITHTREATED,"CHEMICAL,HERBICIDE","CHEMICAL,HERBICIDE:(TOTAL)",5546.0
36706,SOUTHCAROLINA,2002,AGLAND-OPERATIONSWITHTREATED,"CHEMICAL,OTHER","CHEMICAL,OTHER:(TOTAL)",586.0
36720,SOUTHDAKOTA,2002,AGLAND-OPERATIONSWITHTREATED,"CHEMICAL,FUNGICIDE","CHEMICAL,FUNGICIDE:(TOTAL)",176.0
36721,SOUTHDAKOTA,2002,AGLAND-OPERATIONSWITHTREATED,"CHEMICAL,HERBICIDE","CHEMICAL,HERBICIDE:(TOTAL)",14105.0
36724,SOUTHDAKOTA,2002,AGLAND-OPERATIONSWITHTREATED,"CHEMICAL,OTHER","CHEMICAL,OTHER:(TOTAL)",9.0
36738,TENNESSEE,2002,AGLAND-OPERATIONSWITHTREATED,"CHEMICAL,FUNGICIDE","CHEMICAL,FUNGICIDE:(TOTAL)",2543.0
36739,TENNESSEE,2002,AGLAND-OPERATIONSWITHTREATED,"CHEMICAL,HERBICIDE","CHEMICAL,HERBICIDE:(TOTAL)",19968.0
36742,TENNESSEE,2002,AGLAND-OPERATIONSWITHTREATED,"CHEMICAL,OTHER","CHEMICAL,OTHER:(TOTAL)",2907.0
36756,TEXAS,2002,AGLAND-OPERATIONSWITHTREATED,"CHEMICAL,FUNGICIDE","CHEMICAL,FUNGICIDE:(TOTAL)",4282.0
36757,TEXAS,2002,AGLAND-OPERATIONSWITHTREATED,"CHEMICAL,HERBICIDE","CHEMICAL,HERBICIDE:(TOTAL)",62345.0
36760,TEXAS,2002,AGLAND-OPERATIONSWITHTREATED,"CHEMICAL,OTHER","CHEMICAL,OTHER:(TOTAL)",4587.0
36774,UTAH,2002,AGLAND-OPERATIONSWITHTREATED,"CHEMICAL,FUNGICIDE","CHEMICAL,FUNGICIDE:(TOTAL)",295.0
36775,UTAH,2002,AGLAND-OPERATIONSWITHTREATED,"CHEMICAL,HERBICIDE","CHEMICAL,HERBICIDE:(TOTAL)",3908.0
36778,UTAH,2002,AGLAND-OPERATIONSWITHTREATED,"CHEMICAL,OTHER","CHEMICAL,OTHER:(TOTAL)",138.0
36792,VERMONT,2002,AGLAND-OPERATIONSWITHTREATED,"CHEMICAL,FUNGICIDE","CHEMICAL,FUNGICIDE:(TOTAL)",193.0
36793,VERMONT,2002,AGLAND-OPERATIONSWITHTREATED,"CHEMICAL,HERBICIDE","CHEMICAL,HERBICIDE:(TOTAL)",1151.0
36796,VERMONT,2002,AGLAND-OPERATIONSWITHTREATED,"CHEMICAL,OTHER","CHEMICAL,OTHER:(TOTAL)",43.0
36810,VIRGINIA,2002,AGLAND-OPERATIONSWITHTREATED,"CHEMICAL,FUNGICIDE","CHEMICAL,FUNGICIDE:(TOTAL)",2280.0
36811,VIRGINIA,2002,AGLAND-OPERATIONSWITHTREATED,"CHEMICAL,HERBICIDE","CHEMICAL,HERBICIDE:(TOTAL)",12199.0
36814,VIRGINIA,2002,AGLAND-OPERATIONSWITHTREATED,"CHEMICAL,OTHER","CHEMICAL,OTHER:(TOTAL)",866.0
36828,WASHINGTON,2002,AGLAND-OPERATIONSWITHTREATED,"CHEMICAL,FUNGICIDE","CHEMICAL,FUNGICIDE:(TOTAL)",4902.0
36829,WASHINGTON,2002,AGLAND-OPERATIONSWITHTREATED,"CHEMICAL,HERBICIDE","CHEMICAL,HERBICIDE:(TOTAL)",13084.0
36832,WASHINGTON,2002,AGLAND-OPERATIONSWITHTREATED,"CHEMICAL,OTHER","CHEMICAL,OTHER:(TOTAL)",3163.0
36846,WESTVIRGINIA,2002,AGLAND-OPERATIONSWITHTREATED,"CHEMICAL,FUNGICIDE","CHEMICAL,FUNGICIDE:(TOTAL)",432.0
36847,WESTVIRGINIA,2002,AGLAND-OPERATIONSWITHTREATED,"CHEMICAL,HERBICIDE","CHEMICAL,HERBICIDE:(TOTAL)",2223.0
36850,WESTVIRGINIA,2002,AGLAND-OPERATIONSWITHTREATED,"CHEMICAL,OTHER","CHEMICAL,OTHER:(TOTAL)",149.0
36864,WISCONSIN,2002,AGLAND-OPERATIONSWITHTREATED,"CHEMICAL,FUNGICIDE","CHEMICAL,FUNGICIDE:(TOTAL)",1605.0
36865,WISCONSIN,2002,AGLAND-OPERATIONSWITHTREATED,"CHEMICAL,HERBICIDE","CHEMICAL,HERBICIDE:(TOTAL)",30561.0
36868,WISCONSIN,2002,AGLAND-OPERATIONSWITHTREATED,"CHEMICAL,OTHER","CHEMICAL,OTHER:(TOTAL)",910.0
36882,WYOMING,2002,AGLAND-OPERATIONSWITHTREATED,"CHEMICAL,FUNGICIDE","CHEMICAL,FUNGICIDE:(TOTAL)",39.0
36883,WYOMING,2002,AGLAND-OPERATIONSWITHTREATED,"CHEMICAL,HERBICIDE","CHEMICAL,HERBICIDE:(TOTAL)",2419.0
36886,WYOMING,2002,AGLAND-OPERATIONSWITHTREATED,"CHEMICAL,OTHER","CHEMICAL,OTHER:(TOTAL)",80.0
36900,ALABAMA,1997,AGLAND-OPERATIONSWITHTREATED,"CHEMICAL,FUNGICIDE","CHEMICAL,FUNGICIDE:(TOTAL)",2249.0
36901,ALABAMA,1997,AGLAND-OPERATIONSWITHTREATED,"CHEMICAL,HERBICIDE","CHEMICAL,HERBICIDE:(TOTAL)",10015.0
36904,ALABAMA,1997,AGLAND-OPERATIONSWITHTREATED,"CHEMICAL,OTHER","CHEMICAL,OTHER:(TOTAL)",1207.0
36916,ALASKA,1997,AGLAND-OPERATIONSWITHTREATED,"CHEMICAL,FUNGICIDE","CHEMICAL,FUNGICIDE:(TOTAL)",10.0
36917,ALASKA,1997,AGLAND-OPERATIONSWITHTREATED,"CHEMICAL,HERBICIDE","CHEMICAL,HERBICIDE:(TOTAL)",101.0
36920,ALASKA,1997,AGLAND-OPERATIONSWITHTREATED,"CHEMICAL,OTHER","CHEMICAL,OTHER:(TOTAL)",4.0
36932,ARIZONA,1997,AGLAND-OPERATIONSWITHTREATED,"CHEMICAL,FUNGICIDE","CHEMICAL,FUNGICIDE:(TOTAL)",212.0
36933,ARIZONA,1997,AGLAND-OPERATIONSWITHTREATED,"CHEMICAL,HERBICIDE","CHEMICAL,HERBICIDE:(TOTAL)",1348.0
36936,ARIZONA,1997,AGLAND-OPERATIONSWITHTREATED,"CHEMICAL,OTHER","CHEMICAL,OTHER:(TOTAL)",510.0
36948,ARKANSAS,1997,AGLAND-OPERATIONSWITHTREATED,"CHEMICAL,FUNGICIDE","CHEMICAL,FUNGICIDE:(TOTAL)",2107.0
36949,ARKANSAS,1997,AGLAND-OPERATIONSWITHTREATED,"CHEMICAL,HERBICIDE","CHEMICAL,HERBICIDE:(TOTAL)",13459.0
36952,ARKANSAS,1997,AGLAND-OPERATIONSWITHTREATED,"CHEMICAL,OTHER","CHEMICAL,OTHER:(TOTAL)",1722.0
36964,CALIFORNIA,1997,AGLAND-OPERATIONSWITHTREATED,"CHEMICAL,FUNGICIDE","CHEMICAL,FUNGICIDE:(TOTAL)",17502.0
36965,CALIFORNIA,1997,AGLAND-OPERATIONSWITHTREATED,"CHEMICAL,HERBICIDE","CHEMICAL,HERBICIDE:(TOTAL)",31477.0
36968,CALIFORNIA,1997,AGLAND-OPERATIONSWITHTREATED,"CHEMICAL,OTHER","CHEMICAL,OTHER:(TOTAL)",5569.0
36980,COLORADO,1997,AGLAND-OPERATIONSWITHTREATED,"CHEMICAL,FUNGICIDE","CHEMICAL,FUNGICIDE:(TOTAL)",1240.0
36981,COLORADO,1997,AGLAND-OPERATIONSWITHTREATED,"CHEMICAL,HERBICIDE","CHEMICAL,HERBICIDE:(TOTAL)",7806.0
36984,COLORADO,1997,AGLAND-OPERATIONSWITHTREATED,"CHEMICAL,OTHER","CHEMICAL,OTHER:(TOTAL)",371.0
36996,CONNECTICUT,1997,AGLAND-OPERATIONSWITHTREATED,"CHEMICAL,FUNGICIDE","CHEMICAL,FUNGICIDE:(TOTAL)",487.0
36997,CONNECTICUT,1997,AGLAND-OPERATIONSWITHTREATED,"CHEMICAL,HERBICIDE","CHEMICAL,HERBICIDE:(TOTAL)",1036.0
37000,CONNECTICUT,1997,AGLAND-OPERATIONSWITHTREATED,"CHEMICAL,OTHER","CHEMICAL,OTHER:(TOTAL)",99.0
37012,DELAWARE,1997,AGLAND-OPERATIONSWITHTREATED,"CHEMICAL,FUNGICIDE","CHEMICAL,FUNGICIDE:(TOTAL)",207.0
37013,DELAWARE,1997,AGLAND-OPERATIONSWITHTREATED,"CHEMICAL,HERBICIDE","CHEMICAL,HERBICIDE:(TOTAL)",1123.0
37016,DELAWARE,1997,AGLAND-OPERATIONSWITHTREATED,"CHEMICAL,OTHER","CHEMICAL,OTHER:(TOTAL)",42.0
37028,FLORIDA,1997,AGLAND-OPERATIONSWITHTREATED,"CHEMICAL,FUNGICIDE","CHEMICAL,FUNGICIDE:(TOTAL)",8049.0
37029,FLORIDA,1997,AGLAND-OPERATIONSWITHTREATED,"CHEMICAL,HERBICIDE","CHEMICAL,HERBICIDE:(TOTAL)",11789.0
37032,FLORIDA,1997,AGLAND-OPERATIONSWITHTREATED,"CHEMICAL,OTHER","CHEMICAL,OTHER:(TOTAL)",1117.0
37044,GEORGIA,1997,AGLAND-OPERATIONSWITHTREATED,"CHEMICAL,FUNGICIDE","CHEMICAL,FUNGICIDE:(TOTAL)",4218.0
37045,GEORGIA,1997,AGLAND-OPERATIONSWITHTREATED,"CHEMICAL,HERBICIDE","CHEMICAL,HERBICIDE:(TOTAL)",11653.0
37048,GEORGIA,1997,AGLAND-OPERATIONSWITHTREATED,"CHEMICAL,OTHER","CHEMICAL,OTHER:(TOTAL)",2826.0
37060,HAWAII,1997,AGLAND-OPERATIONSWITHTREATED,"CHEMICAL,FUNGICIDE","CHEMICAL,FUNGICIDE:(TOTAL)",1033.0
37061,HAWAII,1997,AGLAND-OPERATIONSWITHTREATED,"CHEMICAL,HERBICIDE","CHEMICAL,HERBICIDE:(TOTAL)",2685.0
37064,HAWAII,1997,AGLAND-OPERATIONSWITHTREATED,"CHEMICAL,OTHER","CHEMICAL,OTHER:(TOTAL)",184.0
37076,IDAHO,1997,AGLAND-OPERATIONSWITHTREATED,"CHEMICAL,FUNGICIDE","CHEMICAL,FUNGICIDE:(TOTAL)",1603.0
37077,IDAHO,1997,AGLAND-OPERATIONSWITHTREATED,"CHEMICAL,HERBICIDE","CHEMICAL,HERBICIDE:(TOTAL)",9340.0
37080,IDAHO,1997,AGLAND-OPERATIONSWITHTREATED,"CHEMICAL,OTHER","CHEMICAL,OTHER:(TOTAL)",978.0
37092,ILLINOIS,1997,AGLAND-OPERATIONSWITHTREATED,"CHEMICAL,FUNGICIDE","CHEMICAL,FUNGICIDE:(TOTAL)",1899.0
37093,ILLINOIS,1997,AGLAND-OPERATIONSWITHTREATED,"CHEMICAL,HERBICIDE","CHEMICAL,HERBICIDE:(TOTAL)",44650.0
37096,ILLINOIS,1997,AGLAND-OPERATIONSWITHTREATED,"CHEMICAL,OTHER","CHEMICAL,OTHER:(TOTAL)",1289.0
37108,INDIANA,1997,AGLAND-OPERATIONSWITHTREATED,"CHEMICAL,FUNGICIDE","CHEMICAL,FUNGICIDE:(TOTAL)",1894.0
37109,INDIANA,1997,AGLAND-OPERATIONSWITHTREATED,"CHEMICAL,HERBICIDE","CHEMICAL,HERBICIDE:(TOTAL)",30515.0
37112,INDIANA,1997,AGLAND-OPERATIONSWITHTREATED,"CHEMICAL,OTHER","CHEMICAL,OTHER:(TOTAL)",1098.0
37124,IOWA,1997,AGLAND-OPERATIONSWITHTREATED,"CHEMICAL,FUNGICIDE","CHEMICAL,FUNGICIDE:(TOTAL)",1186.0
37125,IOWA,1997,AGLAND-OPERATIONSWITHTREATED,"CHEMICAL,HERBICIDE","CHEMICAL,HERBICIDE:(TOTAL)",55600.0
37128,IOWA,1997,AGLAND-OPERATIONSWITHTREATED,"CHEMICAL,OTHER","CHEMICAL,OTHER:(TOTAL)",48.0
37140,KANSAS,1997,AGLAND-OPERATIONSWITHTREATED,"CHEMICAL,FUNGICIDE","CHEMICAL,FUNGICIDE:(TOTAL)",892.0
37141,KANSAS,1997,AGLAND-OPERATIONSWITHTREATED,"CHEMICAL,HERBICIDE","CHEMICAL,HERBICIDE:(TOTAL)",29054.0
37144,KANSAS,1997,AGLAND-OPERATIONSWITHTREATED,"CHEMICAL,OTHER","CHEMICAL,OTHER:(TOTAL)",676.0
37156,KENTUCKY,1997,AGLAND-OPERATIONSWITHTREATED,"CHEMICAL,FUNGICIDE","CHEMICAL,FUNGICIDE:(TOTAL)",9430.0
37157,KENTUCKY,1997,AGLAND-OPERATIONSWITHTREATED,"CHEMICAL,HERBICIDE","CHEMICAL,HERBICIDE:(TOTAL)",18858.0
37160,KENTUCKY,1997,AGLAND-OPERATIONSWITHTREATED,"CHEMICAL,OTHER","CHEMICAL,OTHER:(TOTAL)",3270.0
37172,LOUISIANA,1997,AGLAND-OPERATIONSWITHTREATED,"CHEMICAL,FUNGICIDE","CHEMICAL,FUNGICIDE:(TOTAL)",1932.0
37173,LOUISIANA,1997,AGLAND-OPERATIONSWITHTREATED,"CHEMICAL,HERBICIDE","CHEMICAL,HERBICIDE:(TOTAL)",7800.0
37176,LOUISIANA,1997,AGLAND-OPERATIONSWITHTREATED,"CHEMICAL,OTHER","CHEMICAL,OTHER:(TOTAL)",1424.0
37188,MAINE,1997,AGLAND-OPERATIONSWITHTREATED,"CHEMICAL,FUNGICIDE","CHEMICAL,FUNGICIDE:(TOTAL)",975.0
37189,MAINE,1997,AGLAND-OPERATIONSWITHTREATED,"CHEMICAL,HERBICIDE","CHEMICAL,HERBICIDE:(TOTAL)",1683.0
37192,MAINE,1997,AGLAND-OPERATIONSWITHTREATED,"CHEMICAL,OTHER","CHEMICAL,OTHER:(TOTAL)",406.0
37204,MARYLAND,1997,AGLAND-OPERATIONSWITHTREATED,"CHEMICAL,FUNGICIDE","CHEMICAL,FUNGICIDE:(TOTAL)",984.0
37205,MARYLAND,1997,AGLAND-OPERATIONSWITHTREATED,"CHEMICAL,HERBICIDE","CHEMICAL,HERBICIDE:(TOTAL)",5173.0
37208,MARYLAND,1997,AGLAND-OPERATIONSWITHTREATED,"CHEMICAL,OTHER","CHEMICAL,OTHER:(TOTAL)",288.0
37220,MASSACHUSETTS,1997,AGLAND-OPERATIONSWITHTREATED,"CHEMICAL,FUNGICIDE","CHEMICAL,FUNGICIDE:(TOTAL)",1354.0
37221,MASSACHUSETTS,1997,AGLAND-OPERATIONSWITHTREATED,"CHEMICAL,HERBICIDE","CHEMICAL,HERBICIDE:(TOTAL)",1615.0
37224,MASSACHUSETTS,1997,AGLAND-OPERATIONSWITHTREATED,"CHEMICAL,OTHER","CHEMICAL,OTHER:(TOTAL)",184.0
37236,MICHIGAN,1997,AGLAND-OPERATIONSWITHTREATED,"CHEMICAL,FUNGICIDE","CHEMICAL,FUNGICIDE:(TOTAL)",4494.0
37237,MICHIGAN,1997,AGLAND-OPERATIONSWITHTREATED,"CHEMICAL,HERBICIDE","CHEMICAL,HERBICIDE:(TOTAL)",22149.0
37240,MICHIGAN,1997,AGLAND-OPERATIONSWITHTREATED,"CHEMICAL,OTHER","CHEMICAL,OTHER:(TOTAL)",1541.0
37252,MINNESOTA,1997,AGLAND-OPERATIONSWITHTREATED,"CHEMICAL,FUNGICIDE","CHEMICAL,FUNGICIDE:(TOTAL)",2366.0
37253,MINNESOTA,1997,AGLAND-OPERATIONSWITHTREATED,"CHEMICAL,HERBICIDE","CHEMICAL,HERBICIDE:(TOTAL)",38509.0
37256,MINNESOTA,1997,AGLAND-OPERATIONSWITHTREATED,"CHEMICAL,OTHER","CHEMICAL,OTHER:(TOTAL)",1090.0
37268,MISSISSIPPI,1997,AGLAND-OPERATIONSWITHTREATED,"CHEMICAL,FUNGICIDE","CHEMICAL,FUNGICIDE:(TOTAL)",1213.0
37269,MISSISSIPPI,1997,AGLAND-OPERATIONSWITHTREATED,"CHEMICAL,HERBICIDE","CHEMICAL,HERBICIDE:(TOTAL)",8225.0
37272,MISSISSIPPI,1997,AGLAND-OPERATIONSWITHTREATED,"CHEMICAL,OTHER","CHEMICAL,OTHER:(TOTAL)",1428.0
37284,MISSOURI,1997,AGLAND-OPERATIONSWITHTREATED,"CHEMICAL,FUNGICIDE","CHEMICAL,FUNGICIDE:(TOTAL)",1247.0
37285,MISSOURI,1997,AGLAND-OPERATIONSWITHTREATED,"CHEMICAL,HERBICIDE","CHEMICAL,HERBICIDE:(TOTAL)",27840.0
37288,MISSOURI,1997,AGLAND-OPERATIONSWITHTREATED,"CHEMICAL,OTHER","CHEMICAL,OTHER:(TOTAL)",1368.0
37300,MONTANA,1997,AGLAND-OPERATIONSWITHTREATED,"CHEMICAL,FUNGICIDE","CHEMICAL,FUNGICIDE:(TOTAL)",707.0
37301,MONTANA,1997,AGLAND-OPERATIONSWITHTREATED,"CHEMICAL,HERBICIDE","CHEMICAL,HERBICIDE:(TOTAL)",10556.0
37304,MONTANA,1997,AGLAND-OPERATIONSWITHTREATED,"CHEMICAL,OTHER","CHEMICAL,OTHER:(TOTAL)",277.0
37316,NEBRASKA,1997,AGLAND-OPERATIONSWITHTREATED,"CHEMICAL,FUNGICIDE","CHEMICAL,FUNGICIDE:(TOTAL)",878.0
37317,NEBRASKA,1997,AGLAND-OPERATIONSWITHTREATED,"CHEMICAL,HERBICIDE","CHEMICAL,HERBICIDE:(TOTAL)",28104.0
37320,NEBRASKA,1997,AGLAND-OPERATIONSWITHTREATED,"CHEMICAL,OTHER","CHEMICAL,OTHER:(TOTAL)",540.0
37332,NEVADA,1997,AGLAND-OPERATIONSWITHTREATED,"CHEMICAL,FUNGICIDE","CHEMICAL,FUNGICIDE:(TOTAL)",21.0
37333,NEVADA,1997,AGLAND-OPERATIONSWITHTREATED,"CHEMICAL,HERBICIDE","CHEMICAL,HERBICIDE:(TOTAL)",559.0
37336,NEVADA,1997,AGLAND-OPERATIONSWITHTREATED,"CHEMICAL,OTHER","CHEMICAL,OTHER:(TOTAL)",21.0
37348,NEWHAMPSHIRE,1997,AGLAND-OPERATIONSWITHTREATED,"CHEMICAL,FUNGICIDE","CHEMICAL,FUNGICIDE:(TOTAL)",300.0
37349,NEWHAMPSHIRE,1997,AGLAND-OPERATIONSWITHTREATED,"CHEMICAL,HERBICIDE","CHEMICAL,HERBICIDE:(TOTAL)",517.0
37352,NEWHAMPSHIRE,1997,AGLAND-OPERATIONSWITHTREATED,"CHEMICAL,OTHER","CHEMICAL,OTHER:(TOTAL)",112.0
37364,NEWJERSEY,1997,AGLAND-OPERATIONSWITHTREATED,"CHEMICAL,FUNGICIDE","CHEMICAL,FUNGICIDE:(TOTAL)",1248.0
37365,NEWJERSEY,1997,AGLAND-OPERATIONSWITHTREATED,"CHEMICAL,HERBICIDE","CHEMICAL,HERBICIDE:(TOTAL)",2517.0
37368,NEWJERSEY,1997,AGLAND-OPERATIONSWITHTREATED,"CHEMICAL,OTHER","CHEMICAL,OTHER:(TOTAL)",192.0
37380,NEWMEXICO,1997,AGLAND-OPERATIONSWITHTREATED,"CHEMICAL,FUNGICIDE","CHEMICAL,FUNGICIDE:(TOTAL)",519.0
37381,NEWMEXICO,1997,AGLAND-OPERATIONSWITHTREATED,"CHEMICAL,HERBICIDE","CHEMICAL,HERBICIDE:(TOTAL)",2082.0
37384,NEWMEXICO,1997,AGLAND-OPERATIONSWITHTREATED,"CHEMICAL,OTHER","CHEMICAL,OTHER:(TOTAL)",311.0
37396,NEWYORK,1997,AGLAND-OPERATIONSWITHTREATED,"CHEMICAL,FUNGICIDE","CHEMICAL,FUNGICIDE:(TOTAL)",3783.0
37397,NEWYORK,1997,AGLAND-OPERATIONSWITHTREATED,"CHEMICAL,HERBICIDE","CHEMICAL,HERBICIDE:(TOTAL)",12317.0
37400,NEWYORK,1997,AGLAND-OPERATIONSWITHTREATED,"CHEMICAL,OTHER","CHEMICAL,OTHER:(TOTAL)",1140.0
37412,NORTHCAROLINA,1997,AGLAND-OPERATIONSWITHTREATED,"CHEMICAL,FUNGICIDE","CHEMICAL,FUNGICIDE:(TOTAL)",6103.0
37413,NORTHCAROLINA,1997,AGLAND-OPERATIONSWITHTREATED,"CHEMICAL,HERBICIDE","CHEMICAL,HERBICIDE:(TOTAL)",17902.0
37416,NORTHCAROLINA,1997,AGLAND-OPERATIONSWITHTREATED,"CHEMICAL,OTHER","CHEMICAL,OTHER:(TOTAL)",2958.0
37428,NORTHDAKOTA,1997,AGLAND-OPERATIONSWITHTREATED,"CHEMICAL,FUNGICIDE","CHEMICAL,FUNGICIDE:(TOTAL)",1734.0
37429,NORTHDAKOTA,1997,AGLAND-OPERATIONSWITHTREATED,"CHEMICAL,HERBICIDE","CHEMICAL,HERBICIDE:(TOTAL)",16140.0
37432,NORTHDAKOTA,1997,AGLAND-OPERATIONSWITHTREATED,"CHEMICAL,OTHER","CHEMICAL,OTHER:(TOTAL)",618.0
37444,OHIO,1997,AGLAND-OPERATIONSWITHTREATED,"CHEMICAL,FUNGICIDE","CHEMICAL,FUNGICIDE:(TOTAL)",3322.0
37445,OHIO,1997,AGLAND-OPERATIONSWITHTREATED,"CHEMICAL,HERBICIDE","CHEMICAL,HERBICIDE:(TOTAL)",33947.0
37448,OHIO,1997,AGLAND-OPERATIONSWITHTREATED,"CHEMICAL,OTHER","CHEMICAL,OTHER:(TOTAL)",1476.0
37460,OKLAHOMA,1997,AGLAND-OPERATIONSWITHTREATED,"CHEMICAL,FUNGICIDE","CHEMICAL,FUNGICIDE:(TOTAL)",1167.0
37461,OKLAHOMA,1997,AGLAND-OPERATIONSWITHTREATED,"CHEMICAL,HERBICIDE","CHEMICAL,HERBICIDE:(TOTAL)",19658.0
37464,OKLAHOMA,1997,AGLAND-OPERATIONSWITHTREATED,"CHEMICAL,OTHER","CHEMICAL,OTHER:(TOTAL)",623.0
37476,OREGON,1997,AGLAND-OPERATIONSWITHTREATED,"CHEMICAL,FUNGICIDE","CHEMICAL,FUNGICIDE:(TOTAL)",4826.0
37477,OREGON,1997,AGLAND-OPERATIONSWITHTREATED,"CHEMICAL,HERBICIDE","CHEMICAL,HERBICIDE:(TOTAL)",13262.0
37480,OREGON,1997,AGLAND-OPERATIONSWITHTREATED,"CHEMICAL,OTHER","CHEMICAL,OTHER:(TOTAL)",971.0
37492,PENNSYLVANIA,1997,AGLAND-OPERATIONSWITHTREATED,"CHEMICAL,FUNGICIDE","CHEMICAL,FUNGICIDE:(TOTAL)",4748.0
37493,PENNSYLVANIA,1997,AGLAND-OPERATIONSWITHTREATED,"CHEMICAL,HERBICIDE","CHEMICAL,HERBICIDE:(TOTAL)",23079.0
37496,PENNSYLVANIA,1997,AGLAND-OPERATIONSWITHTREATED,"CHEMICAL,OTHER","CHEMICAL,OTHER:(TOTAL)",1252.0
37508,RHODEISLAND,1997,AGLAND-OPERATIONSWITHTREATED,"CHEMICAL,FUNGICIDE","CHEMICAL,FUNGICIDE:(TOTAL)",132.0
37509,RHODEISLAND,1997,AGLAND-OPERATIONSWITHTREATED,"CHEMICAL,HERBICIDE","CHEMICAL,HERBICIDE:(TOTAL)",199.0
37512,RHODEISLAND,1997,AGLAND-OPERATIONSWITHTREATED,"CHEMICAL,OTHER","CHEMICAL,OTHER:(TOTAL)",21.0
37524,SOUTHCAROLINA,1997,AGLAND-OPERATIONSWITHTREATED,"CHEMICAL,FUNGICIDE","CHEMICAL,FUNGICIDE:(TOTAL)",1591.0
37525,SOUTHCAROLINA,1997,AGLAND-OPERATIONSWITHTREATED,"CHEMICAL,HERBICIDE","CHEMICAL,HERBICIDE:(TOTAL)",6421.0
37528,SOUTHCAROLINA,1997,AGLAND-OPERATIONSWITHTREATED,"CHEMICAL,OTHER","CHEMICAL,OTHER:(TOTAL)",987.0
37540,SOUTHDAKOTA,1997,AGLAND-OPERATIONSWITHTREATED,"CHEMICAL,FUNGICIDE","CHEMICAL,FUNGICIDE:(TOTAL)",310.0
37541,SOUTHDAKOTA,1997,AGLAND-OPERATIONSWITHTREATED,"CHEMICAL,HERBICIDE","CHEMICAL,HERBICIDE:(TOTAL)",17204.0
37544,SOUTHDAKOTA,1997,AGLAND-OPERATIONSWITHTREATED,"CHEMICAL,OTHER","CHEMICAL,OTHER:(TOTAL)",364.0
37556,TENNESSEE,1997,AGLAND-OPERATIONSWITHTREATED,"CHEMICAL,FUNGICIDE","CHEMICAL,FUNGICIDE:(TOTAL)",4944.0
37557,TENNESSEE,1997,AGLAND-OPERATIONSWITHTREATED,"CHEMICAL,HERBICIDE","CHEMICAL,HERBICIDE:(TOTAL)",16467.0
37560,TENNESSEE,1997,AGLAND-OPERATIONSWITHTREATED,"CHEMICAL,OTHER","CHEMICAL,OTHER:(TOTAL)",2041.0
37572,TEXAS,1997,AGLAND-OPERATIONSWITHTREATED,"CHEMICAL,FUNGICIDE","CHEMICAL,FUNGICIDE:(TOTAL)",5279.0
37573,TEXAS,1997,AGLAND-OPERATIONSWITHTREATED,"CHEMICAL,HERBICIDE","CHEMICAL,HERBICIDE:(TOTAL)",50875.0
37576,TEXAS,1997,AGLAND-OPERATIONSWITHTREATED,"CHEMICAL,OTHER","CHEMICAL,OTHER:(TOTAL)",6587.0
37588,UTAH,1997,AGLAND-OPERATIONSWITHTREATED,"CHEMICAL,FUNGICIDE","CHEMICAL,FUNGICIDE:(TOTAL)",365.0
37589,UTAH,1997,AGLAND-OPERATIONSWITHTREATED,"CHEMICAL,HERBICIDE","CHEMICAL,HERBICIDE:(TOTAL)",3914.0
37592,UTAH,1997,AGLAND-OPERATIONSWITHTREATED,"CHEMICAL,OTHER","CHEMICAL,OTHER:(TOTAL)",206.0
37604,VERMONT,1997,AGLAND-OPERATIONSWITHTREATED,"CHEMICAL,FUNGICIDE","CHEMICAL,FUNGICIDE:(TOTAL)",324.0
37605,VERMONT,1997,AGLAND-OPERATIONSWITHTREATED,"CHEMICAL,HERBICIDE","CHEMICAL,HERBICIDE:(TOTAL)",1289.0
37608,VERMONT,1997,AGLAND-OPERATIONSWITHTREATED,"CHEMICAL,OTHER","CHEMICAL,OTHER:(TOTAL)",66.0
37620,VIRGINIA,1997,AGLAND-OPERATIONSWITHTREATED,"CHEMICAL,FUNGICIDE","CHEMICAL,FUNGICIDE:(TOTAL)",3570.0
37621,VIRGINIA,1997,AGLAND-OPERATIONSWITHTREATED,"CHEMICAL,HERBICIDE","CHEMICAL,HERBICIDE:(TOTAL)",10849.0
37624,VIRGINIA,1997,AGLAND-OPERATIONSWITHTREATED,"CHEMICAL,OTHER","CHEMICAL,OTHER:(TOTAL)",1264.0
37636,WASHINGTON,1997,AGLAND-OPERATIONSWITHTREATED,"CHEMICAL,FUNGICIDE","CHEMICAL,FUNGICIDE:(TOTAL)",5335.0
37637,WASHINGTON,1997,AGLAND-OPERATIONSWITHTREATED,"CHEMICAL,HERBICIDE","CHEMICAL,HERBICIDE:(TOTAL)",12765.0
37640,WASHINGTON,1997,AGLAND-OPERATIONSWITHTREATED,"CHEMICAL,OTHER","CHEMICAL,OTHER:(TOTAL)",3504.0
37652,WESTVIRGINIA,1997,AGLAND-OPERATIONSWITHTREATED,"CHEMICAL,FUNGICIDE","CHEMICAL,FUNGICIDE:(TOTAL)",668.0
37653,WESTVIRGINIA,1997,AGLAND-OPERATIONSWITHTREATED,"CHEMICAL,HERBICIDE","CHEMICAL,HERBICIDE:(TOTAL)",2379.0
37656,WESTVIRGINIA,1997,AGLAND-OPERATIONSWITHTREATED,"CHEMICAL,OTHER","CHEMICAL,OTHER:(TOTAL)",297.0
37668,WISCONSIN,1997,AGLAND-OPERATIONSWITHTREATED,"CHEMICAL,FUNGICIDE","CHEMICAL,FUNGICIDE:(TOTAL)",3090.0
37669,WISCONSIN,1997,AGLAND-OPERATIONSWITHTREATED,"CHEMICAL,HERBICIDE","CHEMICAL,HERBICIDE:(TOTAL)",34729.0
37672,WISCONSIN,1997,AGLAND-OPERATIONSWITHTREATED,"CHEMICAL,OTHER","CHEMICAL,OTHER:(TOTAL)",1557.0
37684,WYOMING,1997,AGLAND-OPERATIONSWITHTREATED,"CHEMICAL,FUNGICIDE","CHEMICAL,FUNGICIDE:(TOTAL)",92.0
37685,WYOMING,1997,AGLAND-OPERATIONSWITHTREATED,"CHEMICAL,HERBICIDE","CHEMICAL,HERBICIDE:(TOTAL)",2565.0
37688,WYOMING,1997,AGLAND-OPERATIONSWITHTREATED,"CHEMICAL,OTHER","CHEMICAL,OTHER:(TOTAL)",67.0
